tweet_id,created_at,tweets,likes,date,time,Hashtags,#snydercut,#zacksnydersjusticeleague,#borglife
1377795078538866692,2021-04-02 01:28:39,"RT @ninaturner: Millions of Americans are struggling under the weight of student debt.

Black college grads on avg hold more than $50k. Weâ€¦",0,2021-04-02,01:28:39,,0,0,0
1376896607917051906,2021-03-30 13:58:27,"RT @CoriBush: Theyâ€™re starting to count the union ballots in Alabama this week and no matter how the vote goes, 5,800 predominantly Black lâ€¦",0,2021-03-30,13:58:27,,0,0,0
1376583218674106371,2021-03-29 17:13:09,"Toby Emmerich, Geoff Johns, and Jon Bergâ€™s racist and discriminatory conversations were major factors in the disparities.

I may not like Joss Whedon, but I refuse to let him take sole responsibility.

A&gt;E

https://t.co/xmZc4t7nL4",10699,2021-03-29,17:13:09,,0,0,0
1376569420877815815,2021-03-29 16:18:20,"RT @CoriBush: Derek Chauvin is on trial.
America is on trial.
Our criminal-legal system is on trial.

George Floyd is not on trial.",0,2021-03-29,16:18:20,,0,0,0
1375943286846787585,2021-03-27 22:50:18,"RT @BernieSanders: What Amazon workers in Alabama are doing takes real courage. They are standing up, not only for themselves and their famâ€¦",0,2021-03-27,22:50:18,,0,0,0
1375640076579913728,2021-03-27 02:45:27,"RT @DerenicByrd: THE CIVIL RIGHTS MOVEMENT 

How it started:           How it's going: https://t.co/LMujcmf3tu",0,2021-03-27,02:45:27,,0,0,0
1375533149590028288,2021-03-26 19:40:33,"RT @BernieSanders: TODAY AT 4 PM ET/3 PM CT: Join me, @KillerMike, and workers standing up for the right to join a union at Amazon â€” a multâ€¦",0,2021-03-26,19:40:33,,0,0,0
1375480692604289030,2021-03-26 16:12:06,"RT @ninaturner: Amazon workers have the right to a union. 

RT if you agree âœŠğŸ¾âœŠğŸ»âœŠğŸ¿âœŠğŸ½âœŠ",0,2021-03-26,16:12:06,,0,0,0
1375474470538862595,2021-03-26 15:47:23,RT @MayaTPrabhu: Georgia includes a provision requiring that legislators â€œshall be free from arrest during sessions of the General Assemblyâ€¦,0,2021-03-26,15:47:23,,0,0,0
1375244320660406274,2021-03-26 00:32:51,"Today is my Grandmotherâ€™s birthday

It is also the 5 year anniversary of Batman v Superman: Dawn of Justice

Also #RestoreTheSnyderVerse",25957,2021-03-26,00:32:51,#restorethesnyderverse,0,0,0
1375226950306951183,2021-03-25 23:23:50,#RestoreTheSnyderVerse,44017,2021-03-25,23:23:50,#restorethesnyderverse,0,0,0
1375088839769919492,2021-03-25 14:15:01,"Had a good time clowning around with @MulDiversity last nightğŸ¦¾

Thanks for having me on!

#SnyderCut https://t.co/yoicZMdg3C",3751,2021-03-25,14:15:01,#snydercut,1,0,0
1375075190959435781,2021-03-25 13:20:47,"Gray. All. Day.

#JusticeIsGray #Snydercut https://t.co/y9iYNHwFPX https://t.co/jos2sC3KqT",12486,2021-03-25,13:20:47,#justiceisgray #snydercut,1,0,0
1374962183239532544,2021-03-25 05:51:44,"24 hours of #JusticeIsGray

Letâ€™s get it!ğŸ¦¾

#SnyderCut",14166,2021-03-25,05:51:44,#justiceisgray #snydercut,1,0,0
1374959557072543744,2021-03-25 05:41:18,"RT @KirstenAcuna: ""don't delete""
""Put it on repeat""

#JusticeIsGray tonight https://t.co/nwInn4KbUr",0,2021-03-25,05:41:18,#justiceisgray,0,0,0
1374912687906390020,2021-03-25 02:35:04,"ğŸ™ŒğŸ½ @Junkie_XL ğŸ™ŒğŸ½

#Snydercut https://t.co/QVw6AwdicS https://t.co/nVfwmBrJvT",7401,2021-03-25,02:35:04,#snydercut,1,0,0
1374839911887540227,2021-03-24 21:45:52,#ZackSnydersJusticeLeague https://t.co/IGTeWFXbOt,10808,2021-03-24,21:45:52,#zacksnydersjusticeleague,0,1,0
1374833842087952387,2021-03-24 21:21:45,RT @LtGovOliver: Do you need help paying your rent due to the pandemic? New Jersey residents can now apply for the #COVID19 Emergency Rentaâ€¦,0,2021-03-24,21:21:45,#covid19,0,0,0
1374773831005569027,2021-03-24 17:23:18,"Shout out to @ComicBookDebate and the @TheFarooqiBros for having me on!ğŸ™ğŸ½

#BORGLIFE https://t.co/pMli65YDhX",3956,2021-03-24,17:23:18,#borglife,0,0,1
1374738311227576323,2021-03-24 15:02:09,RT @BernieSanders: I do not think in the year 2021 that we should continue to accept a reality which sees women paid just $0.82 for every $â€¦,0,2021-03-24,15:02:09,,0,0,0
1374576771295801346,2021-03-24 04:20:15,RT @ninaturner: #MedicareForAll,0,2021-03-24,04:20:15,#medicareforall,0,0,0
1374562189139402752,2021-03-24 03:22:18,@ArkingKyle @ZackSnyder Absolutely.,1129,2021-03-24,03:22:18,,0,0,0
1374497821122916359,2021-03-23 23:06:32,"A potential outcome of the current course.

#Snydercut https://t.co/3fNc5tfKat",7265,2021-03-23,23:06:32,#snydercut,1,0,0
1374496583014776841,2021-03-23 23:01:36,"You already knowğŸ˜

#BORGLIFE https://t.co/IPQwBVlE02",2803,2021-03-23,23:01:36,#borglife,0,0,1
1374462709312319488,2021-03-23 20:47:00,"RT @CoriBush: 26 lives taken in Newtown should have led to change. 

9 lives taken in Charleston should have led to change. 

17 lives takeâ€¦",0,2021-03-23,20:47:00,,0,0,0
1374432093690679302,2021-03-23 18:45:21,"RT @NadriaTucker: The point is that I, a Black woman, did the work and WB is refusing to pay me for it. When I took the job on Krypton my mâ€¦",0,2021-03-23,18:45:21,,0,0,0
1374378281802207238,2021-03-23 15:11:31,"Please take a look and sign if you canğŸ™ğŸ½

https://t.co/jK2Zsm6PuK",1651,2021-03-23,15:11:31,,0,0,0
1374352536556212224,2021-03-23 13:29:13,"I bet they did...

A&gt;E https://t.co/qk2EyKQWUE",12194,2021-03-23,13:29:13,,0,0,0
1374165902988566530,2021-03-23 01:07:36,"Final thought for now:

Rather than trying to convince people on what the Justice League investigation DIDNâ€™T findâ€”how about you start telling them what it DID?

The public is a lot smarter than what youâ€™re giving them credit for.

The proof is there.

More soon.

A&gt;E

5/5",9545,2021-03-23,01:07:36,,0,0,0
1374165901755482113,2021-03-23 01:07:36,"Furthermore:

â€œThere really was nothing that Walter did against Ray, in fact he offered him a role in the Flash movie.â€

AND

â€œWalter happens to be a person of color, so he knows what that feels like.â€

are the absolute definition of tone deaf.

4/5",7632,2021-03-23,01:07:36,,0,0,0
1374165900774023170,2021-03-23 01:07:36,"As Iâ€™ve saidâ€”people will attempt to shift blame completely to Joss Whedon for the Justice League reshoots.

Toby Emmerich, Geoff Johns, and Jon Berg share in that responsibility; with Johns working directly with Joss on restructuring the script based on the execsâ€™ convos.

3/5",6744,2021-03-23,01:07:36,,0,0,0
1374165899922509825,2021-03-23 01:07:35,"The investigator hired by @WarnerMedia was brought on to help the company assess and evade legal liabilities.

Continually touting her status as a FORMER federal judge in an attempt to sway public opinion is obvious and desperate.

She is now simply a lawyer.

2/5",6395,2021-03-23,01:07:35,,0,0,0
1374165899079528448,2021-03-23 01:07:35,"Apparently some folks at @WarnerMedia think that a room full of executives saying â€œwe canâ€™t an angry Black man at the center of the movieâ€ (and then reducing/removing all Black and POC from that movie) isnâ€™t racist.

Odd.

1/5",14556,2021-03-23,01:07:35,,0,0,0
1374144813679980556,2021-03-22 23:43:48,#ReleaseTheAyerCut,27126,2021-03-22,23:43:48,#releasetheayercut,0,0,0
1374120251252695043,2021-03-22 22:06:12,"Indeed.

ğŸ™ğŸ½@Lesdoggg ğŸ™ğŸ½

#Snydercut https://t.co/96tH1KuKDn",8733,2021-03-22,22:06:12,#snydercut,1,0,0
1374034159325351942,2021-03-22 16:24:06,#StopAsianHate https://t.co/BfS88vFP3t,5114,2021-03-22,16:24:06,#stopasianhate,0,0,0
1373826680461070339,2021-03-22 02:39:39,ğŸ™ğŸ½ğŸ¦¾@OriginalRamizğŸ¦¾ğŸ™ğŸ½ https://t.co/wMvAbSNbzF,3023,2021-03-22,02:39:39,,0,0,0
1373741233571500034,2021-03-21 21:00:07,"Random Thought:

Getting a second chance to bring a film to life while playing character that gets a second chance at life within that film is kinda trippy...

#Cyborg 
#SnyderCut",25468,2021-03-21,21:00:07,#cyborg #snydercut,1,0,0
1373680802727391239,2021-03-21 16:59:59,01000001 01001011 01000001 00100000 01000011 01111001 01100010 01101111 01110010 01100111 https://t.co/RVf8bHOh8E,13752,2021-03-21,16:59:59,,0,0,0
1373637023374921734,2021-03-21 14:06:01,"â€œZack Snyderâ€™s Justice League stands as proof of, and opposition to, that discrimination.â€

A&gt;E",22488,2021-03-21,14:06:01,,0,0,0
1373426429787041792,2021-03-21 00:09:12,"RT @ComicBookDebate: Joining The Farooqi Bros next week on ComicBook Debate is none other than #Cyborg himself, Ray Fisher. 

@ray8fisher wâ€¦",0,2021-03-21,00:09:12,#cyborg,0,0,0
1373403440462827521,2021-03-20 22:37:51,"Thank you Congresswoman @CoriBush!

Youâ€™re a true hero for the people and Iâ€™m grateful to know youğŸ™ğŸ½

#Snydercut https://t.co/j6ETK6G1Wm",4820,2021-03-20,22:37:51,#snydercut,1,0,0
1373374009971245063,2021-03-20 20:40:54,"Random thought while on my walk:

#Aquamanâ€™s binary struggle with the world (and with himself) being subconsciously expressed through his casual use of the most existential phrase in English literature...

A cultured king.

#Snydercut",10117,2021-03-20,20:40:54,#aquaman #snydercut,1,0,0
1373347586145452044,2021-03-20 18:55:54,#BORGLIFE https://t.co/nA99qx1vWY,4259,2021-03-20,18:55:54,#borglife,0,0,1
1373328104815464448,2021-03-20 17:38:30,ğŸ™ğŸ½â¤ï¸ Thank you friend â¤ï¸ğŸ™ğŸ½ https://t.co/rt4Uhjaa8K,10793,2021-03-20,17:38:30,,0,0,0
1373326374526652418,2021-03-20 17:31:37,"No anti-life needed to agree with @Ray__Porter on thisğŸ˜

#Darkseid 
#Snydercut https://t.co/tBW4O94utE",6935,2021-03-20,17:31:37,#darkseid #snydercut,1,0,0
1373134038354038784,2021-03-20 04:47:20,"Thank you @SFdirewolfğŸ™ğŸ½

A respectful and grounded interpretation of #Cyborg was our number one priority. 

Iâ€™m glad you liked it!

#Snydercut https://t.co/4bby4cJHbo",5795,2021-03-20,04:47:20,#cyborg #snydercut,1,0,0
1373129282365579268,2021-03-20 04:28:27,That gesture is mirrored in another scene ğŸ‘€ https://t.co/OGY71tunoo,7647,2021-03-20,04:28:27,,0,0,0
1373127496862986241,2021-03-20 04:21:21,"I appreciate all the #Cyborg love, but donâ€™t forget it took an entire village to bring him to life in #ZackSnydersJusticeLeague 

The postproduction teams (VFX, Sound Design, Editing, etc.) really did their thing!ğŸ™ğŸ½",21773,2021-03-20,04:21:21,#cyborg #zacksnydersjusticeleague,0,1,0
1373094127403958275,2021-03-20 02:08:45,"RT @snydercut: It's the Ezra-Ray hug for us.

These heroes have all of the fun. #SnyderCut https://t.co/UpUHg1Bp76",0,2021-03-20,02:08:45,#snydercut,1,0,0
1373092902537158656,2021-03-20 02:03:53,"It was a pleasure sharing the gym and the screen with you, Jules! ğŸ”± ğŸ¦¾

ğŸ™ğŸ½@JulesLewisJonesğŸ™ğŸ½

#SnyderCut https://t.co/izp8v1DeJK",6179,2021-03-20,02:03:53,#snydercut,1,0,0
1372945911404498956,2021-03-19 16:19:48,"AND has successful parents with genius level intellects.

ğŸ™ğŸ½@marvevi_ ğŸ™ğŸ½

#SnyderCut https://t.co/9FYPRi3RTf",6490,2021-03-19,16:19:48,#snydercut,1,0,0
1372944055928299522,2021-03-19 16:12:25,"Thank you Chris Terrio and @ZackSnyder. 

That is all.

#Snydercut",23014,2021-03-19,16:12:25,#snydercut,1,0,0
1372731253481426945,2021-03-19 02:06:49,#Snydercut https://t.co/gbwkQozRtP https://t.co/m4yjyfJ2xz,8972,2021-03-19,02:06:49,#snydercut,1,0,0
1372730798739181569,2021-03-19 02:05:01,"You can feel every bit of #Cyborgâ€™s journey in it!

And the pulse of the heartbeat.

Life carries on, and so must we...

Thank you for your genius @Junkie_XL ğŸ™ğŸ½ğŸ¦¾ğŸ™ğŸ½

#SnyderCut https://t.co/O3Dr9M3QYp",7675,2021-03-19,02:05:01,#cyborg #snydercut,1,0,0
1372725933308833794,2021-03-19 01:45:41,"You already know @TinaMabry â¤ï¸

I canâ€™t wait for the world to see your beautiful work on Women of the Movement!

It was beyond a pleasure working with you!ğŸ™ğŸ½ https://t.co/NnMELoPNXO",1200,2021-03-19,01:45:41,,0,0,0
1372725336102862851,2021-03-19 01:43:18,"I appreciate the kind words @dbwofficial ğŸ™ğŸ½

Iâ€™m around.âœŠğŸ½ https://t.co/8YPCDqk7Sn",3366,2021-03-19,01:43:18,,0,0,0
1372721245008105478,2021-03-19 01:27:03,RT @Junkie_XL: My friends! I am so happy today! And you all made that happen. Thank you all!!! #JusticeLeagueSnyderCut,0,2021-03-19,01:27:03,#justiceleaguesnydercut,0,0,0
1372676899894353922,2021-03-18 22:30:50,Iâ€™ll be there!!! #Snydercut https://t.co/mMGBrolEcP,5533,2021-03-18,22:30:50,#snydercut,1,0,0
1372671275785728005,2021-03-18 22:08:29,"ğŸ¦¾ğŸ™ğŸ½ @JoivanWade ğŸ™ğŸ½ğŸ¦¾

#BORGLIFE https://t.co/RnLz2yecwb",3066,2021-03-18,22:08:29,#borglife,0,0,1
1372640086177820675,2021-03-18 20:04:33,"As a Black man that grew up with an absent father, #Cyborgâ€™s story has always hit differently for me. 

Family and reconciliation are some of my biggest takeaways from #ZackSnydersJusticeLeague 

Itâ€™s not just comic book movieâ€”itâ€™s a study of the human condition.

#SnyderCut",22145,2021-03-18,20:04:33,#cyborg #zacksnydersjusticeleague #snydercut,1,1,0
1372629588464054274,2021-03-18 19:22:50,"My friends have already started making memes of me from the #Snydercut

They take no prisonersğŸ¤£ğŸ¤£ğŸ¤£",13859,2021-03-18,19:22:50,#snydercut,1,0,0
1372608289389879297,2021-03-18 17:58:12,"You areâ€”and you are amazing in it!

Thank you for your work @meepimaudğŸ™ğŸ½

#Snydercut https://t.co/MVMEtVFAwF",6834,2021-03-18,17:58:12,#snydercut,1,0,0
1372607388470116354,2021-03-18 17:54:37,ğŸ™ğŸ½ @BarzinAkhavan ğŸ™ğŸ½ https://t.co/H9wn5L2MZh,1364,2021-03-18,17:54:37,,0,0,0
1372456985929646080,2021-03-18 07:56:59,"ALL DAY TODAY!

#Snydercut https://t.co/C8hAcH0bJw https://t.co/uWVFgaKqMN",10411,2021-03-18,07:56:59,#snydercut,1,0,0
1372456001295818754,2021-03-18 07:53:04,"The work that you and @JOEtheMORTON  put into this film is beautiful and needs to be seen!

There is no Victor Stone without Elinore and Silas.

@hbomax 
#Snydercut https://t.co/f3EkafEAXF",3852,2021-03-18,07:53:04,#snydercut,1,0,0
1372449235937923073,2021-03-18 07:26:11,"This is for those that fought.

This is for those that believed.

This belongs to each and every one of you.

Thank you from the bottom of my heart.

Now letâ€™s break the internet.

#Snydercut https://t.co/EqTLjYMnrw",19341,2021-03-18,07:26:11,#snydercut,1,0,0
1372426745580781576,2021-03-18 05:56:49,"Be careful what you wish for...ğŸ¦¾ğŸ‘€ğŸ˜‰

#Snydercut https://t.co/6cj2lvIhxe",3683,2021-03-18,05:56:49,#snydercut,1,0,0
1372409194641555458,2021-03-18 04:47:04,"#ZackSnydersJusticeLeague ALL DAY!

Letâ€™s get it yaâ€™ll!!

@hbomax",13234,2021-03-18,04:47:04,#zacksnydersjusticeleague,0,1,0
1372408044261359619,2021-03-18 04:42:30,"RT @snydercut: @SUBWAY ""Show her the darkness before the daylight of history."" #SnyderCut https://t.co/0vcl9ZLTra",0,2021-03-18,04:42:30,#snydercut,1,0,0
1372407988573589505,2021-03-18 04:42:17,RT @snydercut: #StopAsianHate https://t.co/SR48SdvEQu,0,2021-03-18,04:42:17,#stopasianhate,0,0,0
1372407972727492609,2021-03-18 04:42:13,"RT @snydercut: We are LIVE for the Digital Red Carpet Premiere of @ZackSnyder's Justice League! 

The #SnyderCut, streaming March 18th on @â€¦",0,2021-03-18,04:42:13,#snydercut,1,0,0
1372314409431863303,2021-03-17 22:30:26,"Thank you @marvwolfman and @georgepereznetğŸ™ğŸ½

I truly hope the #SnyderCut makes you proud.

#Cyborg https://t.co/BH6kWCA5J3",7657,2021-03-17,22:30:26,#snydercut #cyborg,1,0,0
1372210501594267649,2021-03-17 15:37:32,Happy #ZackSnydersJusticeLeague Eve!,14192,2021-03-17,15:37:32,#zacksnydersjusticeleague,0,1,0
1372192144874672131,2021-03-17 14:24:36,"Phenomenal work! I remember meeting @ang_claude at AsiaPOP Comicon in 2017. 

He looked dope then. 

He looks even better now!ğŸ¤¯ğŸ™ğŸ½ğŸ¤¯

#BORGLIFE
#SnyderCut https://t.co/8yJWzKMqoL https://t.co/26fyHVXZQT",2264,2021-03-17,14:24:36,#borglife #snydercut,1,0,1
1372055411478642693,2021-03-17 05:21:16,"#StopAsianHate....NOW!!!

https://t.co/XyVAvDCOJK",2765,2021-03-17,05:21:16,#stopasianhate,0,0,0
1371953838169718787,2021-03-16 22:37:39,One shot downâ€”one to go! Letâ€™s stop COVID-19 in itâ€™s tracksğŸ’ªğŸ½ https://t.co/IRaomY0Qai,5277,2021-03-16,22:37:39,,0,0,0
1371945230077939716,2021-03-16 22:03:27,"An awesome design by @tracieching only available today!!! Check it out yaâ€™ll.

#Snydercut
#BORGLIFE https://t.co/KgunY3sg0J",1224,2021-03-16,22:03:27,#snydercut #borglife,1,0,1
1371942309881905153,2021-03-16 21:51:50,RT @snydercut: We got you. #SnyderCut https://t.co/wMtD0YiPS0,0,2021-03-16,21:51:50,#snydercut,1,0,0
1371871183713488897,2021-03-16 17:09:12,"ğŸ™ğŸ½@GailSimoneğŸ™ğŸ½

#Snydercut https://t.co/bT0Sp7hwL6",2854,2021-03-16,17:09:12,#snydercut,1,0,0
1371855058397192195,2021-03-16 16:05:08,"RT @snydercut: #Darkseid
#Uxas
#SnyderCut",0,2021-03-16,16:05:08,#darkseid #uxas #snydercut,1,0,0
1371853889834729473,2021-03-16 16:00:29,"This just made me smile from ear to earğŸ˜†

Thank you, @voctronica! Fantastic workğŸ‘ğŸ½

#SnyderCut https://t.co/23jDtEwMph",2310,2021-03-16,16:00:29,#snydercut,1,0,0
1371677393979588608,2021-03-16 04:19:09,Just got word the links are LIVE!!!,4873,2021-03-16,04:19:09,,0,0,0
1371648454536134657,2021-03-16 02:24:10,"Thank you to all who are waiting to receive access to the virtual premiere of #ZackSnydersJusticeLeague 

Would that I were really Cyborg right now and could fix this.",7418,2021-03-16,02:24:10,#zacksnydersjusticeleague,0,1,0
1371536887953944577,2021-03-15 19:00:50,"RT @SherazFarooqi_: Also, on a personal note :) https://t.co/YymvlUtNhm",0,2021-03-15,19:00:50,,0,0,0
1371530449093267464,2021-03-15 18:35:15,ğŸ™ŒğŸ½@SherazFarooqi_ğŸ™ŒğŸ½ https://t.co/6z3JQ0BhnU,3348,2021-03-15,18:35:15,,0,0,0
1371476394849501186,2021-03-15 15:00:27,"I got to watch #ZackSnydersJusticeLeague again last night with some of my colleagues here in Mississippi. 

The room burst into cheers at this moment and it literally made me jump in my seat.

Trying to play off that scare was one of the best moments of my lifeğŸ¤£

#Snydercut https://t.co/rYKWyOCbfy",12269,2021-03-15,15:00:27,#zacksnydersjusticeleague #snydercut,1,1,0
1371335080577208321,2021-03-15 05:38:56,Absolutely!!! #SnyderCut @hbomax https://t.co/4cGudCNL2E,6224,2021-03-15,05:38:56,#snydercut,1,0,0
1371269944537677826,2021-03-15 01:20:06,"THE TIME IS NOW!

#SnyderCut https://t.co/1xKZZGdN9O",6849,2021-03-15,01:20:06,#snydercut,1,0,0
1371178772280528896,2021-03-14 19:17:49,"Challenge Accepted!!!

Weâ€™re almost there yâ€™all â˜ºï¸

#SnyderCut #BORGLIFE https://t.co/aHUoWg4fpl",4807,2021-03-14,19:17:49,#snydercut #borglife,1,0,1
1370875934568558593,2021-03-13 23:14:27,Protect Haitian immigrants and asylum seekers. #FreeHaiti,4163,2021-03-13,23:14:27,#freehaiti,0,0,0
1370755676193050630,2021-03-13 15:16:35,"Keep saying her name: 

#BreonnaTaylor https://t.co/jpmd3JRhA8",3288,2021-03-13,15:16:35,#breonnataylor,0,0,0
1370571890432094210,2021-03-13 03:06:17,https://t.co/d0FdAD1KZE https://t.co/3YYIe6SZFx,5669,2021-03-13,03:06:17,,0,0,0
1370568280193306625,2021-03-13 02:51:56,"I canâ€™t wait for yaâ€™ll to see #ZackSnydersJusticeLeague 

Thank you all from the bottom of my heart for making this movie happen!!!

#SnyderCut 
#BORGLIFE",13814,2021-03-13,02:51:56,#zacksnydersjusticeleague #snydercut #borglife,1,1,1
1370468084604153870,2021-03-12 20:13:48,"Itâ€™s time.

Iâ€™ll see yaâ€™ll on the other side.

#Snydercut https://t.co/opxfLuuX3o https://t.co/gW2Sxdbfhd",12076,2021-03-12,20:13:48,#snydercut,1,0,0
1370181256105852930,2021-03-12 01:14:02,"RT @snydercut: You're invited to the official Red Carpet Premiere of the #SnyderCut with @ZackSnyder, @ThatKevinSmith, @JoelleMonique and mâ€¦",0,2021-03-12,01:14:02,#snydercut,1,0,0
1370121146037850114,2021-03-11 21:15:11,"I understand why you may feel obligated to defend @THR, but the information your presenting is misleading.

What youâ€™ve chosen to highlight with regard to Kiersey is coming from the reporter at Vanity Fair. 

It is not a quote from Zack Snyder.

Please stop.

A&gt;E https://t.co/WcRJPlkEel",2939,2021-03-11,21:15:11,,0,0,0
1370093422422409218,2021-03-11 19:25:01,"Zack Snyder NEVER cut Kiersey Clemons from Justice League. 

@TatianaSiegel27 and @THR please fix this article immediately and check your sources. https://t.co/wf2gsZMZ5L",6195,2021-03-11,19:25:01,,0,0,0
1370091814414393349,2021-03-11 19:18:38,"I appreciate those @THR attempting to help mitigate blowback for the racist decision-making of @wbpictures executives in 2017.

But hear me now, Zack Snyder NEVER cut Kiersey Clemons from Justice League.

Fix this article immediately. https://t.co/4h2JYNJ8Gi",4312,2021-03-11,19:18:38,,0,0,0
1370087696031449088,2021-03-11 19:02:16,"A sight for the sorest eyes:)

#RestoreTheSnyderVerse 
@snydercut https://t.co/sauq1QMTTl",8746,2021-03-11,19:02:16,#restorethesnyderverse,0,0,0
1370085514678833153,2021-03-11 18:53:36,RT @GPBmadeit: Simple math+systemic racism=#10BillionInTheBlack #BlackLightCollective #McKonRace,0,2021-03-11,18:53:36,#10billionintheblack #blacklightcollective #mckonrace,0,0,0
1369808338280648712,2021-03-11 00:32:12,"This is my new favorite BTS photo @Ray__Porter! 

It can also double as the cover for Darkseidâ€™s debut album: Apokolips Then

#Snydercut #Darkseid #Steppenwolf https://t.co/KZLQYNetTH",4790,2021-03-11,00:32:12,#snydercut #darkseid #steppenwolf,1,0,0
1369719201498361861,2021-03-10 18:38:00,"On March 18th...

The world will submit.

#Steppenwolf #SnyderCut #AFSP

ğŸ™ŒğŸ½ #CiaranHinds @Ray__Porter ğŸ™ŒğŸ½ https://t.co/zf7s672iVZ",6515,2021-03-10,18:38:00,#steppenwolf #snydercut #afsp #ciaranhinds,1,0,0
1369470607939796995,2021-03-10 02:10:11,"For those that may be struggling:

You are not broken, and you are not alone.

#AFSP
#SnyderCut 
#Cyborg",8914,2021-03-10,02:10:11,#afsp #snydercut #cyborg,1,0,0
1369443828881588232,2021-03-10 00:23:46,I appreciate you.ğŸ™ğŸ½ https://t.co/7GYP9bR6B1,2475,2021-03-10,00:23:46,,0,0,0
1369432146507599872,2021-03-09 23:37:21,ğŸ™ğŸ½ğŸ™ğŸ½ğŸ™ğŸ½ https://t.co/472pjXY0M1,2799,2021-03-09,23:37:21,,0,0,0
1369387583038496774,2021-03-09 20:40:16,"ğŸ˜±ğŸ”¥Câ€™MOOOOOOON!!!!ğŸ”¥ğŸ˜±

#Cyborg 
#SnyderCut https://t.co/IRulXnd409",6076,2021-03-09,20:40:16,#cyborg #snydercut,1,0,0
1369369409928765444,2021-03-09 19:28:03,"To take a lesser-known Black character and evolve them into the most powerful being in the DC Universe (rivaled only by Doctor Manhattan) is no small feat.

Weâ€™re lucky @ZackSnyder doesnâ€™t do small feats.

#Cyborg
#SnyderCut",11194,2021-03-09,19:28:03,#cyborg #snydercut,1,0,0
1369353937246109704,2021-03-09 18:26:34,"#BORGLIFE

#Cyborg #SnyderCut https://t.co/IdrQT7hsUw",6604,2021-03-09,18:26:34,#borglife #cyborg #snydercut,1,0,1
1369328620485963784,2021-03-09 16:45:58,"â€œTake your place among the brave ones.â€

#Cyborg #VictorStone #SnyderCut https://t.co/lpmNJ3HVXW",8080,2021-03-09,16:45:58,#cyborg #victorstone #snydercut,1,0,0
1369278266301878288,2021-03-09 13:25:53,#Cyborg https://t.co/wkdApjOnwl,11267,2021-03-09,13:25:53,#cyborg,0,0,0
1369267678284820484,2021-03-09 12:43:48,"The Modern Day God Of The Digital Age.

#VictorStone is #Cyborg 

#SnyderCut
#AFSP
#BORGLIFE",8681,2021-03-09,12:43:48,#victorstone #cyborg #snydercut #afsp #borglife,1,0,1
1369143436490792960,2021-03-09 04:30:07,"Snyder Claus is coming to town.

ğŸ™ğŸ½@Ray__PorterğŸ™ğŸ½

#Snydercut https://t.co/RRYvHk6yCo",4638,2021-03-09,04:30:07,#snydercut,1,0,0
1369120282892525570,2021-03-09 02:58:07,#UsUnited https://t.co/2y9BJiVWMl,4706,2021-03-09,02:58:07,#usunited,0,0,0
1369095665134039041,2021-03-09 01:20:17,"You know what beats a leak?

A flood of views on @hbomax!

On March 18th weâ€™re watching #ZackSnydersJusticeLeague on repeat ALL DAY LONG!!!

Whoâ€™s streaming with me???

#SnyderCut #BORGLIFE",17250,2021-03-09,01:20:17,#zacksnydersjusticeleague #snydercut #borglife,1,1,1
1368983796452884485,2021-03-08 17:55:46,"...and we never will.

#WonderWoman 
#InternationalWomensDay 
#SnyderCut https://t.co/YQKcJ2Qk97",5240,2021-03-08,17:55:46,#wonderwoman #internationalwomensday #snydercut,1,0,0
1368956454682648577,2021-03-08 16:07:07,#DianaPrince #SnyderCut https://t.co/WZm0pBIAnR,5038,2021-03-08,16:07:07,#dianaprince #snydercut,1,0,0
1368949252228014086,2021-03-08 15:38:30,"RT @snydercut: #WonderWoman 
#DianaPrince  
#SnyderCut",0,2021-03-08,15:38:30,#wonderwoman #dianaprince #snydercut,1,0,0
1368703765994475520,2021-03-07 23:23:01,"Go check out Red Pill yaâ€™ll!!! 

But be forewarnedâ€”it is not for the faint of heart!

ğŸ™ŒğŸ½@tonyapinkinsğŸ™ŒğŸ½ https://t.co/thVPsxbSje",462,2021-03-07,23:23:01,,0,0,0
1368615266943434753,2021-03-07 17:31:21,"#BarryAllen 
#ZackSnydersJusticeLeague https://t.co/izKubBg1BL",5342,2021-03-07,17:31:21,#barryallen #zacksnydersjusticeleague,0,1,0
1368614465806233600,2021-03-07 17:28:10,"â€œMake your own future...â€

Sooooo pumped!!!!ğŸ”¥âš¡ï¸ğŸ”¥

#TheFlash #BarryAllen 
#SnyderCut https://t.co/8dUvApiOQV",8747,2021-03-07,17:28:10,#theflash #barryallen #snydercut,1,0,0
1368251156657504271,2021-03-06 17:24:31,"ğŸ”± 

#ArthurCurry #SnyderCut https://t.co/51CgJI0jBA",4241,2021-03-06,17:24:31,#arthurcurry #snydercut,1,0,0
1368250812238094336,2021-03-06 17:23:09,"The return of the king.

#Aquaman #SnyderCut https://t.co/AdSmpXMpNK",8187,2021-03-06,17:23:09,#aquaman #snydercut,1,0,0
1367914947213201409,2021-03-05 19:08:32,RT @ninaturner: $7.25 is a starvation wage.,0,2021-03-05,19:08:32,,0,0,0
1367914917039398914,2021-03-05 19:08:25,RT @NicholsUprising: The #FightFor15 amendment by @BernieSanders is defeated 58-42. These Senate Democrat Caucus members voted with the Repâ€¦,0,2021-03-05,19:08:25,#fightfor15,0,0,0
1367891231074889729,2021-03-05 17:34:18,"â€œ...find out what that reason is.â€

#snydercut #superman
#zacksnydersjusticeleague #ClarkKent  #AFSP https://t.co/hQdZ3zD0AL",6751,2021-03-05,17:34:18,#snydercut #superman #zacksnydersjusticeleague #clarkkent #afsp,1,1,0
1367622192553488384,2021-03-04 23:45:14,RT @BatmanvSuperman: Get ready to experience #BatmanvSuperman in a whole new way. Batman v Superman: Dawn of Justice Ultimate Edition availâ€¦,0,2021-03-04,23:45:14,#batmanvsuperman,0,0,0
1367612994373484545,2021-03-04 23:08:41,"Charisma Carpenter hits every single one of these nails on the head!!!

Give this a read yaâ€™ll!

Iâ€™m proud to know you @AllCharismağŸ™ŒğŸ½

A&gt;E https://t.co/oFi3nnWY1M",2506,2021-03-04,23:08:41,,0,0,0
1367559442816974849,2021-03-04 19:35:53,"ğŸ”¥LETâ€™S GOOOOOOOOO!!!!!!ğŸ”¥

#Snydercut
#ZackSnydersJusticeLeague https://t.co/IVqJDKhWND",7970,2021-03-04,19:35:53,#snydercut #zacksnydersjusticeleague,1,1,0
1367292321373503496,2021-03-04 01:54:27,"Fun Fact: Gina Prince-Bythewood is the first female directorâ€”and first Black directorâ€”that Iâ€™ve had the pleasure of working with in TV/Film.

She is beyond dope!!!

ğŸ™ŒğŸ½@GPBmadeitğŸ™ŒğŸ½ https://t.co/BplFgaWctX",1713,2021-03-04,01:54:27,,0,0,0
1367265296566935557,2021-03-04 00:07:03,"RT @AOC: The actual crisis is how entire generations are sunk w/inhumane levels of student debt, low incomes, high rent, no guarantee of heâ€¦",0,2021-03-04,00:07:03,,0,0,0
1367241615350390787,2021-03-03 22:32:57,ğŸ‘€ @Karen_Bryson ğŸ‘€ https://t.co/WgzPOvEec2,4888,2021-03-03,22:32:57,,0,0,0
1367195156835885056,2021-03-03 19:28:21,ğŸ™ŒğŸ½ @ZackSnyder ğŸ™ŒğŸ½ https://t.co/qo42IPJkMu,5517,2021-03-03,19:28:21,,0,0,0
1366877701521494027,2021-03-02 22:26:54,"@DavidWalker1201 Anytime, BrotherâœŠğŸ½",927,2021-03-02,22:26:54,,0,0,0
1366783492449796098,2021-03-02 16:12:32,"Please Read.

A&gt;E https://t.co/C6PjkBLlDE",27257,2021-03-02,16:12:32,,0,0,0
1366543366008283136,2021-03-02 00:18:22,ğŸ™ŒğŸ½ @OriginalRamiz ğŸ™ŒğŸ½ https://t.co/FsdL9aJzsb https://t.co/czxl6HQJts,850,2021-03-02,00:18:22,,0,0,0
1366524914493231107,2021-03-01 23:05:03,RT @snydercut: Month of March = Month of @ZackSnyder. #HappyBirthdayZackSnyder #SnyderCut https://t.co/SjYluig3MY,0,2021-03-01,23:05:03,#happybirthdayzacksnyder #snydercut,1,0,0
1366485530763001859,2021-03-01 20:28:33,"ğŸ‰Happy Birthday @ZackSnyder!ğŸ‰

Love you, brother!

Iâ¤ï¸ZS

#SnyderCut 
#ZackSnydersJusticeLeague https://t.co/hTAZOjqwee",11663,2021-03-01,20:28:33,#snydercut #zacksnydersjusticeleague,1,1,0
1366091178437988360,2021-02-28 18:21:32,â¤ï¸ğŸ¶ğŸ™ğŸ½ğŸ¦¾â¤ï¸ https://t.co/X8Eahx9hWa,3472,2021-02-28,18:21:32,,0,0,0
1365860861143887877,2021-02-28 03:06:20,For those in the back: https://t.co/bV3wL1HfMZ,4141,2021-02-28,03:06:20,,0,0,0
1365815847734956035,2021-02-28 00:07:28,"My mom is funny. â˜ºï¸

#ZackSnydersJusticeLeague 
#Snydercut https://t.co/fFCaN0zfVh",8996,2021-02-28,00:07:28,#zacksnydersjusticeleague #snydercut,1,1,0
1365781228679553025,2021-02-27 21:49:54,"As Iâ€™ve said from the start:

Walter Hamada ATTEMPTED to interfere with the JL investigation.

He was unsuccessful in doing so because I did not allow him to.

Having the investigator make a statement claiming there was no interference is purposely misleading and desperate.

A&gt;E",6395,2021-02-27,21:49:54,,0,0,0
1365760680671006724,2021-02-27 20:28:15,RT @ZackSnyder: #ZackSnydersJusticeLeague #SnyderCut https://t.co/Kgysywx08U,0,2021-02-27,20:28:15,#zacksnydersjusticeleague #snydercut,1,1,0
1365755373026750472,2021-02-27 20:07:10,"ğŸ””
                             ğŸŸ¨  
                  ğŸ¦¾                 ğŸ™…ğŸ»â€â™€ï¸              
                          
         ğŸ¦‡               ğŸŒ             ğŸ”±

ğŸ””ğŸŸ©        âš¡ï¸                 ğŸ‘½         ğŸŸ¦ğŸ””

#SnyderCut https://t.co/oxFklFJWcO",5174,2021-02-27,20:07:10,#snydercut,1,0,0
1365701283303284737,2021-02-27 16:32:14,"Do yaâ€™ll remember that time Walter Hamada and @wbpictures tried to destroy a Black manâ€™s credibility, and publicly delegitimize a very serious investigation, with lies in the press?

But hey, Black Superman...

A&gt;E",11881,2021-02-27,16:32:14,,0,0,0
1365688499568062464,2021-02-27 15:41:26,"RT @GPBmadeit: Me and Rebecca are going to chat up her dope new memoir ""Surviving the White Gaze."" March 25, 5pm PST. Come thru.",0,2021-02-27,15:41:26,,0,0,0
1365119148867657730,2021-02-26 01:59:02,"I canâ€™t wait!!! ğŸ§Ÿâ€â™€ï¸+ ğŸ¦=ğŸ¥³

#ArmyOfTheDead https://t.co/Mj40wdgxuJ",4378,2021-02-26,01:59:02,#armyofthedead,0,0,0
1365059168349134854,2021-02-25 22:00:41,"RT @ninaturner: There is no place for bigotry, racism, homophobia, or transphobia in a civilized society. No one should be treated unfairlyâ€¦",0,2021-02-25,22:00:41,,0,0,0
1365009821284638723,2021-02-25 18:44:36,"The fact that so many participants of @WarnerMediaâ€™s Justice League investigation are having to out themselves in order for abusers of power to be held accountable is disgraceful.

@NadriaTucker must be heard and protected.

Pass it on!

A&gt;E

#IStandWithNadriaTucker https://t.co/N3iwLoU7XL",3766,2021-02-25,18:44:36,#istandwithnadriatucker,0,0,0
1364643265421664263,2021-02-24 18:28:02,"I feel every bit of your pain @NadriaTucker

Among many other things, I had to spend an inordinate amount of time explaining to Geoff why he was NOT the authority on how the existence of Cyborgâ€™s genitals would be perceived by the Black community.

He strongly disagreed. https://t.co/7j94xDPGig",5202,2021-02-24,18:28:02,,0,0,0
1364610333546012677,2021-02-24 16:17:11,"In 2010 I was part of an effort to unionize workers at one of my day jobs.

Myself and other â€œtroublemakersâ€ were let go during that process, but the workers there remain unionized to this day.

These workers at Amazon (the majority of which are Black women) are amazing!!!ğŸ™ğŸ½ https://t.co/s7iZMZWi9p",2385,2021-02-24,16:17:11,,0,0,0
1364393436980383750,2021-02-24 01:55:19,RT @NadriaTucker: Itâ€™s premiere day for the most recent project I worked on and Iâ€™d love to be excited! But nah https://t.co/tzrOo4Mwi2,0,2021-02-24,01:55:19,,0,0,0
1364274984693104640,2021-02-23 18:04:38,"Folks will be anxious to let Kevin Tsujihara and Joss Whedon take the fall for everything to do with Justice League.

Both have been publicly disgraced and make for easy targets.

Please donâ€™t be fooled.

Toby Emmerich, Geoff Johns, and Jon Berg share direct responsibility. 

A&gt;E",7537,2021-02-23,18:04:38,,0,0,0
1364247300592312320,2021-02-23 16:14:37,We could all use a friend like Christopher Nolan.,13015,2021-02-23,16:14:37,,0,0,0
1363989196214575110,2021-02-22 23:09:00,"Axiom of Justice.

ğŸ“·: @zacksnyder 

ğŸ’ˆ: @Bennyblades 

#ZackSnydersJusticeLeague
#Snydercut https://t.co/o8xjP0uGPi",8270,2021-02-22,23:09:00,#zacksnydersjusticeleague #snydercut,1,1,0
1363958221275344899,2021-02-22 21:05:55,"RT @BernieSanders: Some people â€” including Senators â€” say, ""Well, Bernie, how can we afford to act on climate change?â€ The real question isâ€¦",0,2021-02-22,21:05:55,,0,0,0
1363883048593477635,2021-02-22 16:07:13,"For Autumn.

#ZackSnydersJusticeLeague

https://t.co/1OwFJtrZ3P",9407,2021-02-22,16:07:13,#zacksnydersjusticeleague,0,1,0
1363728996396072960,2021-02-22 05:55:04,Please share.ğŸ™ğŸ½ https://t.co/dvWrF8hlJm,1470,2021-02-22,05:55:04,,0,0,0
1363721811834396675,2021-02-22 05:26:31,"RT @ZackSnyder: Survivors take all. #ArmyOfTheDead on @Netflix May 21.
Teaser this Thursday. https://t.co/sIgDoz6rmz",0,2021-02-22,05:26:31,#armyofthedead,0,0,0
1363519081878597635,2021-02-21 16:00:56,"RT @NAACP: ""Far too many African Americans who have stood up to voice equality and justice have found themselves persecuted, prosecuted, orâ€¦",0,2021-02-21,16:00:56,,0,0,0
1362871349862035460,2021-02-19 21:07:05,"Today would be a great day for Walter Hamada to apologize to the participants of the Justice League investigation.

A&gt;E",9063,2021-02-19,21:07:05,,0,0,0
1362831014570065922,2021-02-19 18:26:48,#SnydercutWorldwide https://t.co/JYcCgtcUsl https://t.co/vh2CthSrm3,1348,2021-02-19,18:26:48,#snydercutworldwide,1,0,0
1362787103881322496,2021-02-19 15:32:19,Translation: https://t.co/4sT2FNaiPd https://t.co/egjthU8iiA,6283,2021-02-19,15:32:19,,0,0,0
1362608246394126339,2021-02-19 03:41:36,"â€œYour ancestors did not survive
everything that nearly ended them
for you to shrink yourself
to make someone else
comfortable.

This sacrifice is your warcry, be loud,
be everything and make them proud.â€

                                      â€”Nikita Gill",2823,2021-02-19,03:41:36,,0,0,0
1362574486529277952,2021-02-19 01:27:27,Wow!!! ğŸ”¥ #BORGLIFE https://t.co/pHL00PbE2r,4515,2021-02-19,01:27:27,#borglife,0,0,1
1362502495314976769,2021-02-18 20:41:23,"Thank you.

A&gt;E https://t.co/5186Tpb0s5",2312,2021-02-18,20:41:23,,0,0,0
1362446159738937344,2021-02-18 16:57:32,"Current mood.

#ZackSnydersJusticeLeague
#Snydercut 
#BORGLIFE https://t.co/0Ac0uxDbXl",5351,2021-02-18,16:57:32,#zacksnydersjusticeleague #snydercut #borglife,1,1,1
1362154222037454854,2021-02-17 21:37:28,"I appreciate the support @DinoRay. 

Please use your power to ensure that @DEADLINE commits to reporting these issues fairly and thoroughly.

A&gt;E https://t.co/xJhIkPalph",2060,2021-02-17,21:37:28,,0,0,0
1361945927498362881,2021-02-17 07:49:47,"ğŸ”¥ğŸ˜±ğŸ™ŒğŸ½@Junkie_XLğŸ™ŒğŸ½ğŸ˜±ğŸ”¥

And this is just a taste...

#ZackSnydersJusticeLeague 
#SnyderCut 

https://t.co/hcP8IGWZ79",5110,2021-02-17,07:49:47,#zacksnydersjusticeleague #snydercut,1,1,0
1361761346111434754,2021-02-16 19:36:19,"â€œ...and even if it takes you the rest of your lifeâ€”find out what that reason is.â€

#ZackSnydersJusticeLeague 
#SnyderCut",6680,2021-02-16,19:36:19,#zacksnydersjusticeleague #snydercut,1,1,0
1361487583793074177,2021-02-16 01:28:29,"Thereâ€™s only one reason that I havenâ€™t been sued by Joss Whedon, Toby Emmerich, Geoff Johns, Jon Berg, or Walter Hamada:

They know Iâ€™m telling the truth.

A&gt;E",15135,2021-02-16,01:28:29,,0,0,0
1361340294130720769,2021-02-15 15:43:13,"This is one of the reasons why @ABCNetworkâ€™s â€˜Women of the Movementâ€™ is so important.

Take a look yaâ€™ll!ğŸ™ğŸ½ https://t.co/eBNmXa3p5u",1306,2021-02-15,15:43:13,,0,0,0
1361161970225979392,2021-02-15 03:54:37,"#ZackSnydersJusticeLeague isnâ€™t a cul-de-sac...itâ€™s an eight lane superhighway!!!

#Snydercut https://t.co/O9xvzfZAXP",12994,2021-02-15,03:54:37,#zacksnydersjusticeleague #snydercut,1,1,0
1361057588163588106,2021-02-14 20:59:50,"The. Cut. Is. Justice.

#ZackSnydersJusticeLeague 
#TheCutIsJustice https://t.co/dofciLCM9U",6328,2021-02-14,20:59:50,#zacksnydersjusticeleague #thecutisjustice,0,1,0
1361056219746738177,2021-02-14 20:54:24,"*definitely fainted

#ZackSnydersJusticeLeague https://t.co/NpCgG9txWk",2989,2021-02-14,20:54:24,#zacksnydersjusticeleague,0,1,0
1361051409521782788,2021-02-14 20:35:17,"There were two that we used for the film. 

Production let me â€œborrowâ€ the one pictured here.

I may let you see you guys see it one dayâ€”but no touchingğŸ¤“

#ZackSnydersJusticeLeague 
#Snydercut 
#UsUnited https://t.co/li3haHFjEO",4432,2021-02-14,20:35:17,#zacksnydersjusticeleague #snydercut #usunited,1,1,0
1361036713309724677,2021-02-14 19:36:53,"Weâ€™ll see about that! ğŸ¦¾

#ZackSnydersJusticeLeague https://t.co/8y2LTrRmBF",6369,2021-02-14,19:36:53,#zacksnydersjusticeleague,0,1,0
1361014879742799882,2021-02-14 18:10:08,RT @snydercut: @ray8fisher Let's roll. #SnyderCut https://t.co/UUMlxUrdvP,0,2021-02-14,18:10:08,#snydercut,1,0,0
1361009783088766977,2021-02-14 17:49:53,"I still havenâ€™t blinked @Ray__Porter 

#UsUnited 
#ZackSnydersJusticeLeague
#Snydercut https://t.co/aYdgFtFLW6",4387,2021-02-14,17:49:53,#usunited #zacksnydersjusticeleague #snydercut,1,1,0
1361009442247110656,2021-02-14 17:48:32,"RT @Ray__Porter: Epic. Beautiful. Iâ€™m just watching it again and again.
â€œWe live in a societyâ€
#ZackSnydersJusticeLeague #SnyderCut",0,2021-02-14,17:48:32,#zacksnydersjusticeleague #snydercut,1,1,0
1361009406419365890,2021-02-14 17:48:23,"RT @snydercut: ""We live in a society where honor is a distant memory. Isn't that right, Batman?"" #SnyderCut https://t.co/uwuL6V9hpv",0,2021-02-14,17:48:23,#snydercut,1,0,0
1361009358683922435,2021-02-14 17:48:12,RT @Ray__Porter: This is... breathtaking.,0,2021-02-14,17:48:12,,0,0,0
1361009340732301314,2021-02-14 17:48:07,RT @Junkie_XL: #UsUnited,0,2021-02-14,17:48:07,#usunited,0,0,0
1361008425132564481,2021-02-14 17:44:29,"I have officially fallen in love on Valentineâ€™s Day!!! â¤ï¸ğŸ”¥â¤ï¸ğŸ”¥â¤ï¸

I. CANNOT. WAIT!!!

#SnyderCut 
#ZackSnydersJusticeLeague
#BORGLIFE https://t.co/rgjRkJUcTW",12311,2021-02-14,17:44:29,#snydercut #zacksnydersjusticeleague #borglife,1,1,1
1360824347175358464,2021-02-14 05:33:01,RT @jasonkilar: A prediction: fans are going to really enjoy the trailer. Will be fun to see the response over the next 24hrs. â¦@hbomaxâ© haâ€¦,0,2021-02-14,05:33:01,,0,0,0
1360734031650971649,2021-02-13 23:34:09,"â€œDO A BARREL ROLL!â€

#SnyderCut 
#ZackSnydersJusticeLeague https://t.co/Kiok0NiN1L",9071,2021-02-13,23:34:09,#snydercut #zacksnydersjusticeleague,1,1,0
1360674993072390157,2021-02-13 19:39:33,"TOMORROW!!! ğŸ”¥ğŸ¦¾ğŸ”¥ğŸ¦¾ğŸ”¥

#ZackSnydersJusticeLeague #Snydercut https://t.co/mC3QO3uZyw",5821,2021-02-13,19:39:33,#zacksnydersjusticeleague #snydercut,1,1,0
1360640304244789251,2021-02-13 17:21:42,".@latimes and @christicarrasâ€”please amend this article immediately.

I never â€œdeclinedâ€ to reprise my role in The Flash.

@wbpictures chose to remove the role from the film rather than address Walter Hamadaâ€™s attempt to interfere with the Justice League investigation.

A&gt;E https://t.co/ZmJIm0H4L0 https://t.co/RwqEcXKTSA",3530,2021-02-13,17:21:42,,0,0,0
1360438719422095365,2021-02-13 04:00:41,"RT @JoseMolinaTV: ""Casually cruel"" is a perfect way of describing Joss. He thought being mean was funny. Making female writers cry during aâ€¦",0,2021-02-13,04:00:41,,0,0,0
1360319886224941065,2021-02-12 20:08:29,"Makes you think...ğŸ˜

@Ray__Porter 

#ZackSnydersJusticeLeague 
#SnyderCut https://t.co/xyKvsro7pu",4506,2021-02-12,20:08:29,#zacksnydersjusticeleague #snydercut,1,1,0
1360303770710777863,2021-02-12 19:04:26,"@OriginalRamiz Your eyes do not deceive. 

Desaad, however, just might...ğŸ˜œ

#ZackSnydersJusticeLeague 
#Snydercut",659,2021-02-12,19:04:26,#zacksnydersjusticeleague #snydercut,1,1,0
1360287668345528322,2021-02-12 18:00:27,"GRANNY GOODNESS!!! ğŸ™ŒğŸ½ğŸ”¥ğŸ’€ğŸ”¥ğŸ™ŒğŸ½

#ZackSnydersJusticeLeague #Snydercut https://t.co/HgxYHDVzEK",9960,2021-02-12,18:00:27,#zacksnydersjusticeleague #snydercut,1,1,0
1360263522731626498,2021-02-12 16:24:30,#UNITE https://t.co/y67qrJ5hzo,1144,2021-02-12,16:24:30,#unite,0,0,0
1359978285971738625,2021-02-11 21:31:05,#ZackSnydersJusticeLeague https://t.co/f6dJRQA0W0,4643,2021-02-11,21:31:05,#zacksnydersjusticeleague,0,1,0
1359977858215649284,2021-02-11 21:29:23,"ğŸ™ğŸ½@itsgabrielleuğŸ™ğŸ½ 

#StrongerTogether https://t.co/a9ZjTa0net",1572,2021-02-11,21:29:23,#strongertogether,0,0,0
1359929830775676930,2021-02-11 18:18:32,DEAR MOTHER OF ALL THE GODS!!!! ğŸ˜±ğŸ”¥ğŸ˜±ğŸ”¥ğŸ˜± https://t.co/VVlZiQ6lHW,9932,2021-02-11,18:18:32,,0,0,0
1359883136004460544,2021-02-11 15:12:59,"What makes Walter Hamada â€œthe most dangerous kind of enablerâ€ is his willingness to blindly cover for his colleagues.

Had he succeeded in discouraging the Justice League investigation, we would not be here.

He owes Charisma Carpenter and every other participant an apology.

A&gt;E",7282,2021-02-11,15:12:59,,0,0,0
1359668730385608705,2021-02-11 01:01:01,You can change things.,19121,2021-02-11,01:01:01,,0,0,0
1359565454478557186,2021-02-10 18:10:38,"#IStandWithAmberBenson
#IStandWithCharismaCarpenter 

A&gt;E https://t.co/R7OMh0M8VH",6644,2021-02-10,18:10:38,#istandwithamberbenson #istandwithcharismacarpenter,0,0,0
1359562591077621768,2021-02-10 17:59:15,"Charisma Carpenter is one of the bravest people I know.

I am forever grateful for her courage and for her lending her voice to the Justice League investigation.

Read her truth.

Share her truth.

Protect her at all costs.

â€œIt is time.â€

A&gt;E

#IStandWithCharisma https://t.co/XcT8OnAfbV",26110,2021-02-10,17:59:15,#istandwithcharisma,0,0,0
1359281020630147072,2021-02-09 23:20:24,"Walter Hamada still owes an apology to the participants of the Justice League investigation. 

A&gt;E",8702,2021-02-09,23:20:24,,0,0,0
1358963669992890378,2021-02-09 02:19:21,"RT @TussaudsUSA: If loving a Cyborg is wrong, we donâ€™t want to be right! @ray8fisher has us swooning as he poses with his wax-borg twin atâ€¦",0,2021-02-09,02:19:21,,0,0,0
1358960669115179008,2021-02-09 02:07:26,Definitely worth a look! ğŸ‘€ #TheBigTakeBack https://t.co/MKPkmFf19T,789,2021-02-09,02:07:26,#thebigtakeback,0,0,0
1358870882698035206,2021-02-08 20:10:39,"ğŸ˜±ğŸ˜±ğŸ˜±

Post by Zack Snyder on VERO https://t.co/29BLCaUZ7f",5787,2021-02-08,20:10:39,,0,0,0
1358850565887971328,2021-02-08 18:49:55,"RT @NJGov: OVER 1,000,000 VACCINATIONS STATEWIDE.

#JERSEYSTRONG https://t.co/3e9scjN6DA",0,2021-02-08,18:49:55,#jerseystrong,0,0,0
1358845792149209089,2021-02-08 18:30:57,ğŸ¤£ @adriennelwarren ğŸ¤£ https://t.co/PX0ufRfDoU https://t.co/qOd6p7uWFA,745,2021-02-08,18:30:57,,0,0,0
1358591150005882880,2021-02-08 01:39:06,RT @ava: â€œThere are bodies in the street and cops are getting paid leave and getting away with murderâ€¦ I am not looking for approval. If thâ€¦,0,2021-02-08,01:39:06,,0,0,0
1358544602043719680,2021-02-07 22:34:08,"Game time. 

#SnyderCut
#ZackSnydersJusticeLeague https://t.co/b7A1T1JEJs",6853,2021-02-07,22:34:08,#snydercut #zacksnydersjusticeleague,1,1,0
1358502792177008640,2021-02-07 19:48:00,ğŸ”¥ğŸ™ğŸ½ğŸ”¥ğŸ™ğŸ½ğŸ”¥ https://t.co/gyyDsTuB0E,2551,2021-02-07,19:48:00,,0,0,0
1358095159150444549,2021-02-06 16:48:12,"Probably me when I hear @Junkie_XLâ€™s music for Cyborg for the first time.

#ZackSnydersJusticeLeague 

@snydercut 
@hbomax https://t.co/0F0uRXz4yk",5123,2021-02-06,16:48:12,#zacksnydersjusticeleague,0,1,0
1358063207424946179,2021-02-06 14:41:14,â¤ï¸ğŸ™ğŸ½â¤ï¸ https://t.co/moVJb83cNF,3512,2021-02-06,14:41:14,,0,0,0
1357885162688831490,2021-02-06 02:53:45,"RT @BerniceKing: These are the types of photos we see of white youth, even white adults, who have killed people.

Trayvon was killed, his mâ€¦",0,2021-02-06,02:53:45,,0,0,0
1357822657631313920,2021-02-05 22:45:23,Black History In The Making. https://t.co/CEaG4gMxia,827,2021-02-05,22:45:23,,0,0,0
1357814602810220547,2021-02-05 22:13:22,You already know!!! #Snydercut https://t.co/rz4PKPrLVK,4916,2021-02-05,22:13:22,#snydercut,1,0,0
1357502907298496513,2021-02-05 01:34:48,"RT @WhyHaroon: BORGLIFE is the ability to take the negative situations in your life and turn them into something positive to help others
Thâ€¦",0,2021-02-05,01:34:48,,0,0,0
1357483043339067404,2021-02-05 00:15:53,"RT @osfashland: Black History Month is past, present and future! Today we celebrate #OSF legend G. Valmont Thomas affectinately known as GVâ€¦",0,2021-02-05,00:15:53,#osf,0,0,0
1357363521781194752,2021-02-04 16:20:56,"RT @HarryJLennix: Retweet if you agree #JusticeLeague #SnyderCut 

https://t.co/hymqmk3jHM",0,2021-02-04,16:20:56,#justiceleague #snydercut,1,0,0
1356988026078040065,2021-02-03 15:28:51,https://t.co/Cj9IBQscyR https://t.co/AVdJadCCqT,433,2021-02-03,15:28:51,,0,0,0
1356797830430666753,2021-02-03 02:53:05,"RT @BernieSanders: When Republicans had control, they pushed through nearly $2 trillion in tax cuts for the wealthy and big corporations. Wâ€¦",0,2021-02-03,02:53:05,,0,0,0
1356681670393556994,2021-02-02 19:11:30,"RT @GPBmadeit: HOLLYWOOD: Women can't direct action.

WOMEN:ğŸ‘‡ğŸ½",0,2021-02-02,19:11:30,,0,0,0
1356657476960202758,2021-02-02 17:35:22,He who laughs last... ğŸƒ https://t.co/xsPxxU1AHz,6997,2021-02-02,17:35:22,,0,0,0
1356327621269848069,2021-02-01 19:44:38,RT @MatthewACherry: I hope every single estate sued,0,2021-02-01,19:44:38,,0,0,0
1356284797241405440,2021-02-01 16:54:28,"@BarzinAkhavan Congrats, Barz!!!ğŸ‰",26,2021-02-01,16:54:28,,0,0,0
1356271405210460162,2021-02-01 16:01:15,"Serious reflective question for folks that take issue with Cyborg not saying â€œbooyahâ€ in Zack Snyderâ€™s Justice League:

Are you just as upset that none of the other characters are using catchphrases? (i.e. â€œGreat Hera!â€, â€œThis looks like a job for...â€, etc.)

If not, why is that?",8953,2021-02-01,16:01:15,,0,0,0
1355964660642705409,2021-01-31 19:42:22,"ğŸ”¥ğŸ™…ğŸ»â€â™€ï¸ğŸ”¥

#ZackSnydersJusticeLeague #Snydercut @hbomax https://t.co/UAwZtAgdfI",4120,2021-01-31,19:42:22,#zacksnydersjusticeleague #snydercut,1,1,0
1355906296730570755,2021-01-31 15:50:27,Letâ€™s goooo!!!! ğŸ”¥ğŸ¦¾ğŸ”¥ https://t.co/2CwqmzQJFb,9616,2021-01-31,15:50:27,,0,0,0
1355905941951148032,2021-01-31 15:49:02,RT @ZackSnyder: #ZackSnydersJusticeLeague https://t.co/VBWXYVu9uX,0,2021-01-31,15:49:02,#zacksnydersjusticeleague,0,1,0
1355729944723288066,2021-01-31 04:09:41,Please delete this and refrain from publicly misrepresenting our conversation. https://t.co/zM9yqqD1u0,3530,2021-01-31,04:09:41,,0,0,0
1355684420297109508,2021-01-31 01:08:47,"https://t.co/4wWTkwK0nB
This! https://t.co/nSrVQcCaLa https://t.co/QkdokyOWX2",514,2021-01-31,01:08:47,,0,0,0
1355171930547105792,2021-01-29 15:12:20,Bend Toward Justice. #Snydercut https://t.co/lI6jZZNAbR,7312,2021-01-29,15:12:20,#snydercut,1,0,0
1355155292003180548,2021-01-29 14:06:13,"ITâ€™S TIME TO RISE ABOVE AND RALLY, YAâ€™LL!

LETâ€™S GO.

#SnyderCut https://t.co/KEgavkIo6J",8806,2021-01-29,14:06:13,#snydercut,1,0,0
1355154888293052421,2021-01-29 14:04:37,RT @snydercut: United. #SnyderCut Streaming 3.18.21. https://t.co/ufJzHGbtij,0,2021-01-29,14:04:37,#snydercut,1,0,0
1355154853639712773,2021-01-29 14:04:29,RT @snydercut: Fallen. #SnyderCut https://t.co/9BtXLxEqQn,0,2021-01-29,14:04:29,#snydercut,1,0,0
1354960691308986370,2021-01-29 01:12:57,"RT @JonitaLDavis: @aaronmichael_j The cut is justice for @ray8fisher 

Justice for Zack.

Justice for the cast and crew.

Justice for blackâ€¦",0,2021-01-29,01:12:57,,0,0,0
1354960234796752904,2021-01-29 01:11:08,"RT @CBSThisMorning: In a new memoir, legendary actress Cicely Tyson is opening up about her impressive career and personal life.

@GayleKinâ€¦",0,2021-01-29,01:11:08,,0,0,0
1354892928284557315,2021-01-28 20:43:41,"Memphis, Tennessee. https://t.co/Mee18PbI22 https://t.co/g24d3gHKLr",501,2021-01-28,20:43:41,,0,0,0
1354486396996694019,2021-01-27 17:48:16,https://t.co/CbtQFQ7trx https://t.co/kMArA9EEvI,911,2021-01-27,17:48:16,,0,0,0
1354149628632047617,2021-01-26 19:30:05,"Rebuilding the rhythm. #rainmaker

@Michaelolajide1 https://t.co/GMXsavGBnX",1760,2021-01-26,19:30:05,#rainmaker,0,0,0
1353891930325790721,2021-01-26 02:26:04,RT @ninaturner: Impeach. Convict. Expel his enablers.,0,2021-01-26,02:26:04,,0,0,0
1353453573116407808,2021-01-24 21:24:12,"RT @ninaturner: Something Iâ€™m willing to wager is that if we had less millionaires in Congress, $2,000 checks wouldâ€™ve already been out theâ€¦",0,2021-01-24,21:24:12,,0,0,0
1352703807491289089,2021-01-22 19:44:54,"Walter Hamada still owes an apology to those who participated in the Justice League investigation.

A&gt;E",6463,2021-01-22,19:44:54,,0,0,0
1352495604027559936,2021-01-22 05:57:34,@ShastiConrad Sold out?!?!?? ğŸ’”,75,2021-01-22,05:57:34,,0,0,0
1352495380471148545,2021-01-22 05:56:41,"On it!!! Thanks, @ShastiConradâ˜ºï¸ https://t.co/UaPxAp2ex2",277,2021-01-22,05:56:41,,0,0,0
1352477730693128192,2021-01-22 04:46:33,"Yes, please! https://t.co/Cr5vfaKQGJ",979,2021-01-22,04:46:33,,0,0,0
1352310785352081414,2021-01-21 17:43:10,"RT @DavidWalker1201: 400,000 human beings in America have died from COVID-19 so far. If we were to have one minute of silence for each of tâ€¦",0,2021-01-21,17:43:10,,0,0,0
1352278519200571394,2021-01-21 15:34:57,"RT @BernieSanders: Amazon doesnâ€™t want its workers to form a union because unionized workers have:
- higher wages
- better benefits
- moreâ€¦",0,2021-01-21,15:34:57,,0,0,0
1352078273912729600,2021-01-21 02:19:15,"LETâ€™S GOOOOOOO!!!!!!!! #ReleaseTheSnyderCut
#ZackSnydersJusticeLeague https://t.co/j2UPPPpj0C",6817,2021-01-21,02:19:15,#releasethesnydercut #zacksnydersjusticeleague,0,1,0
1351911866897989632,2021-01-20 15:18:01,ğŸ‡ºğŸ‡¸ https://t.co/78IOleCoem https://t.co/JLrcbdvfNB,1035,2021-01-20,15:18:01,,0,0,0
1351892457512980483,2021-01-20 14:00:53,"RT @TheDailyShow: We counted down Trumpâ€™s 100 Most Tremendous Scandals back in October. Rookie mistake.

Hereâ€™s an updated list, now includâ€¦",0,2021-01-20,14:00:53,,0,0,0
1351715104845402115,2021-01-20 02:16:09,â¤ï¸ğŸ™ğŸ½â¤ï¸ğŸ™ğŸ½â¤ï¸ https://t.co/ZS7aDwDTKg,3375,2021-01-20,02:16:09,,0,0,0
1351711789453635587,2021-01-20 02:02:58,SUBMIT!....payment... https://t.co/21vOo88A8Q,4246,2021-01-20,02:02:58,,0,0,0
1351693418012045314,2021-01-20 00:49:58,"RT @AyannaPressley: You want to thank Black women?

Cancel student debt -- all of it. 

Black women carry more student debt than any otherâ€¦",0,2021-01-20,00:49:58,,0,0,0
1351314112496734208,2021-01-18 23:42:45,"RT @BernieSanders: â€œThis country has socialism for the rich, rugged individualism for the poor."" -Martin Luther King, Jr.",0,2021-01-18,23:42:45,,0,0,0
1351253802754703365,2021-01-18 19:43:06,"RT @justicedems: â€œTrue peace is not merely the absence of tension; it is the presence of justice."" -Martin Luther King, Jr.",0,2021-01-18,19:43:06,,0,0,0
1351199781805285388,2021-01-18 16:08:26,RT @NAACP: Today we honor and celebrate the life and legacy of Dr. Martin Luther King. See what your favorite brands can do to celebrate #Mâ€¦,0,2021-01-18,16:08:26,#m,0,0,0
1351196178319290373,2021-01-18 15:54:07,"â€œOur lives begin to end the day we become silent about things that matter.â€

                -Dr. Martin Luther King Jr.",4972,2021-01-18,15:54:07,,0,0,0
1351005595298619394,2021-01-18 03:16:49,"RT @marwilliamson: If in fact Biden cancels the Keystone Pipeline presidential permit on his first day, we owe a huge bow to the Water Protâ€¦",0,2021-01-18,03:16:49,,0,0,0
1350842379792769024,2021-01-17 16:28:15,Release The Hype Engine! https://t.co/npHqZ2pE9L https://t.co/LlwhMPmRAi,7265,2021-01-17,16:28:15,,0,0,0
1350838123538821123,2021-01-17 16:11:20,RT @BenJealous: Cancel. Student. Debt.,0,2021-01-17,16:11:20,,0,0,0
1350578885591785481,2021-01-16 23:01:13,RT @Ray__Porter: @Avalanche3319 @AOC Iâ€™m sorry to hear that. Itâ€™s okay if we disagree on some things. Iâ€™d rather focus on our commonalities.,0,2021-01-16,23:01:13,,0,0,0
1350453152462594049,2021-01-16 14:41:36,"RT @Sifill_LDF: Tonight. Justice Sotomayor in U.S. v. Higgs:
https://t.co/1AnBwBwgGH https://t.co/MB8hOPbrRx",0,2021-01-16,14:41:36,,0,0,0
1350451176207220736,2021-01-16 14:33:45,"RT @GPBmadeit: There are some you WANT to do. And some you NEED to do. Honored to tell this story with these women.
Women Of The Movementâ€™:â€¦",0,2021-01-16,14:33:45,,0,0,0
1350233808675741696,2021-01-16 00:10:00,"Here is a clip from my final conversation with @WarnerMediaâ€™s independent investigator on December 11th, 2020.

Hopefully it lends itself to the truth of the investigation, and to the credibility of my current claims against Walter Hamadaâ€™s dangerous behavior.

A&gt;E https://t.co/S96ozzIUD5",7461,2021-01-16,00:10:00,,0,0,0
1349868007162585093,2021-01-14 23:56:26,A&gt;E https://t.co/rScHCpKOqr,4635,2021-01-14,23:56:26,,0,0,0
1349500170896084992,2021-01-13 23:34:47,"Please Read.

A&gt;E https://t.co/y51qzMp7bg",53198,2021-01-13,23:34:47,,0,0,0
1348624778966552578,2021-01-11 13:36:18,"RT @justicedems: HELLO SOMEBODY: We're excited to announce our endorsement of @NinaTurner to represent #OH11 in Congress.

We know she'll bâ€¦",0,2021-01-11,13:36:18,#oh11,0,0,0
1348303702164201473,2021-01-10 16:20:27,RT @marwilliamson: Thereâ€™s no â€œunityâ€ in refusing to hold people accountable for egregious behavior; thereâ€™s no â€œhealingâ€ where there is noâ€¦,0,2021-01-10,16:20:27,,0,0,0
1348065269139312640,2021-01-10 00:33:00,"Thanks for all the love out there todayâ€”yaâ€™ll are the best!

BORGLIFE is taking the negative situations in your life and turning them into something positive to help others.

Thank you all for continuing to inspire me to do just that.

Onward!ğŸ¤—

#BORGLIFE",5140,2021-01-10,00:33:00,#borglife,0,0,1
1347639604455862272,2021-01-08 20:21:34,RT @CBSThisMorning: The 22-year-old woman caught on camera allegedly physically attacking a 14-year-old Black teen and falsely accusing himâ€¦,0,2021-01-08,20:21:34,,0,0,0
1347571954426015747,2021-01-08 15:52:45,"Sir, you understand full well the difference between â€œWILL BE following suitâ€ and HAS followed suit.

While I found the recent Leonard Roberts piece you helped create to be insightful and importantâ€”this purposely misleading @Variety headline and article is everything but...

A&gt;E https://t.co/HaGWu9TTz3",3336,2021-01-08,15:52:45,,0,0,0
1347331771633967107,2021-01-07 23:58:21,"My team and I are still in deep conversation with @WarnerMedia regarding all these matters andâ€”Flash or no Flashâ€”we fully intend to see this through.

Iâ€™ll keep you all posted, but in the meantimeâ€”thank you for your continued supportğŸ™ğŸ½

A&gt;E

5/5",4517,2021-01-07,23:58:21,,0,0,0
1347331770233085962,2021-01-07 23:58:20,"The fact is: the Justice League investigation led to @WarnerMedia (and itâ€™s affiliates) parting ways with Joss Whedon.

Geoff Johns will be following suit.

Had Walter Hamada gotten his way, NONE of that would have been possible, and the cycle of abuse wouldâ€™ve continued.

4/5",3535,2021-01-07,23:58:20,,0,0,0
1347331768773390349,2021-01-07 23:58:20,"The @wbpictures pr team has struggled to regain control of the narrative ever since they failed to bury me and the JL investigation with their September 4th hit pieceâ€”which, unsurprisingly, was written by the same reporter.

(More on WB pr and Johanna Fuentes later...)

3/5",2993,2021-01-07,23:58:20,,0,0,0
1347331767313772544,2021-01-07 23:58:20,"If @wbpictures has made the decision to remove me from The Flash, rather than address, in any way, Walter Hamada tampering with the JL investigationâ€”thatâ€™s on them.

The idea of removing the role, rather than recasting it, is only being used to try to avoid public backlash.

2/5",3247,2021-01-07,23:58:20,,0,0,0
1347331765841633286,2021-01-07 23:58:19,"I strongly suggest that @TheWrap amend this article immediately.

While I appreciate the reporterâ€™s undying desire to do @wbpictures and Walter Hamadaâ€™s biddingâ€”it is factually inaccurate. 

I did not publicly step down from anything.

1/5

https://t.co/905q9eX2QX",6366,2021-01-07,23:58:19,,0,0,0
1347234038466146306,2021-01-07 17:29:59,"RT @thehill: Cori Bush introduces legislation to sanction, remove House members from office who supported 2020 election challenges https://â€¦",0,2021-01-07,17:29:59,,0,0,0
1346968379303862273,2021-01-06 23:54:21,"We can worry about DC Films tomorrow.

EVERYONEâ€™s focus should be on the U.S. Capitol right now!!!

A&gt;E",5672,2021-01-06,23:54:21,,0,0,0
1346856598321459200,2021-01-06 16:30:11,"RT @BernieSanders: With Democrats in control of the Senate, we must keep faith with the working families of this country. Promises made musâ€¦",0,2021-01-06,16:30:11,,0,0,0
1346853377133707264,2021-01-06 16:17:23,"Come on, Georgia!!!!! ğŸ’ªğŸ½ğŸ’ªğŸ½ğŸ’ªğŸ½",1396,2021-01-06,16:17:23,,0,0,0
1346843858215329793,2021-01-06 15:39:33,"RT @AOC: Hello! â˜€ï¸
Itâ€™s a new day!

Whoâ€™s ready to PUSH? ğŸ™‹ğŸ½â€â™€ï¸ğŸ™‹ğŸ¾ğŸ™‹ğŸ¼â€â™‚ï¸

Ready to PUSH for retroactive COVID relief? ğŸ’¸
And to PUSH for studenâ€¦",0,2021-01-06,15:39:33,,0,0,0
1346659732996698112,2021-01-06 03:27:54,"Itâ€™s weird how these reactionary announcements from @wbpictures always forget to mention that Walter Hamada was working directly with Geoff Johns and Toby Emmerich (on Shazam) DURING Justice League reshoots...

More soon.

A&gt;E

#WalterKnew https://t.co/KWXEpXhw9y",3742,2021-01-06,03:27:54,#walterknew,0,0,0
1346579800924835843,2021-01-05 22:10:17,RT @NAACP: Today is the #GASenateRunoff election â€“ make sure to go to the polls by 7pm â€“ check your voting location here - https://t.co/idxâ€¦,0,2021-01-05,22:10:17,#gasenaterunoff,0,0,0
1346579786764791809,2021-01-05 22:10:14,RT @NAACP: ğŸ—£ #Georgia: Forgot your photo ID?Â  You should vote a provisional ballot and then you have 3 days to show your ID at the County Râ€¦,0,2021-01-05,22:10:14,#georgia,0,0,0
1346579765461983232,2021-01-05 22:10:08,RT @NAACP: ğŸ—£ #Georgia: Forget to mail your absentee ballot? Bring it to your polling place and vote in person today on a regular ballot! #Gâ€¦,0,2021-01-05,22:10:08,#georgia #g,0,0,0
1346515723019931648,2021-01-05 17:55:40,"RT @WarnerMedia: Georgia residents:
Please go out and vote today.
Your vote is your voice.",0,2021-01-05,17:55:40,,0,0,0
1346490852353433600,2021-01-05 16:16:50,"RT @BernieSanders: A $15 minimum wage, fighting climate change and expanding health care are at stake in todayâ€™s Senate runoffs.Â 

Phonebanâ€¦",0,2021-01-05,16:16:50,,0,0,0
1346489901924167689,2021-01-05 16:13:03,"RT @AllCharisma: Letâ€™s go Georgia! Flip the Senate.
@ossoff @ReverendWarnock 
#flipthesenate #georgiarunoff 
@staceyabrams https://t.co/UCLâ€¦",0,2021-01-05,16:13:03,#flipthesenate #georgiarunoff,0,0,0
1346475849109839874,2021-01-05 15:17:13,RT @ReverendWarnock: Donâ€™t forget your I.D. when you go to the polls today! https://t.co/QUz1psXMD0,0,2021-01-05,15:17:13,,0,0,0
1346475781363437568,2021-01-05 15:16:57,RT @ossoff: POLLS ARE OPEN. VOTE.,0,2021-01-05,15:16:57,,0,0,0
1345794354179416067,2021-01-03 18:09:12,Facts on wax. https://t.co/7p1DAtOydE https://t.co/sXP8eEXssX,556,2021-01-03,18:09:12,,0,0,0
1345531935410548736,2021-01-03 00:46:26,"RT @talaashe: What is Battleground Georgia? An org talking to Black voters who did not participate in Nov. BG has *already* turned out 40,0â€¦",0,2021-01-03,00:46:26,,0,0,0
1345424905358123009,2021-01-02 17:41:08,"Some folks out there think itâ€™s cool to belittle food service workers in an attempt to mock my speaking out about Walter Hamada, Joss Whedon, Toby Emmerich, Geoff Johns, and Jon Berg.

There is ZERO shame in keeping people fed.

Iâ€™d go back to food service in a heartbeat.

A&gt;E",5425,2021-01-02,17:41:08,,0,0,0
1345388779578810370,2021-01-02 15:17:35,"RT @ninaturner: I just reached 420K followers ğŸ’œğŸ”¥

Sounds like a good time to remind you that the criminalization of marijuana has been a diâ€¦",0,2021-01-02,15:17:35,,0,0,0
1345082469876432899,2021-01-01 19:00:25,https://t.co/rWHSK3sm8T,437,2021-01-01,19:00:25,,0,0,0
1344758816425070594,2020-12-31 21:34:20,"What the fans say is canonâ€”is canon. 

#RestoreTheSnyderVerse https://t.co/Fx4PrcV3R5",10615,2020-12-31,21:34:20,#restorethesnyderverse,0,0,0
1344754948198825987,2020-12-31 21:18:58,RT @ZackSnyder: Get ready 2021 https://t.co/HeY3pluAx4,0,2020-12-31,21:18:58,,0,0,0
1344680411318935552,2020-12-31 16:22:47,"The Senate runoff in GA is going to be the most important election of the New Year.

If you can cast your vote early for @ReverendWarnock and @ossoff, please do!ğŸ™ğŸ½ https://t.co/3T8lgViVom",559,2020-12-31,16:22:47,,0,0,0
1344660634378629124,2020-12-31 15:04:12,RT @GovMurphy: New Jersey is on a path to a $15/hr minimum wage â€“ to uplift working families and strengthen our economy. Through our actionâ€¦,0,2020-12-31,15:04:12,,0,0,0
1344324757290950657,2020-12-30 16:49:33,"Walter Hamada is the most dangerous kind of enabler. 

His lies, and WB PRâ€™s failed Sept 4th hit-piece, sought to undermine the very real issues of the Justice League investigation. 

I will not participate in any production associated with him.

A&gt;E

https://t.co/07OJ74PJra",5814,2020-12-30,16:49:33,,0,0,0
1342268021121966082,2020-12-25 00:36:49,ğŸ…ğŸ¾ https://t.co/fm62QJZ6hu,2929,2020-12-25,00:36:49,,0,0,0
1341762743376949248,2020-12-23 15:09:01,https://t.co/LgCX7v82ut,922,2020-12-23,15:09:01,,0,0,0
1341473994097176577,2020-12-22 20:01:38,Really fun and free on PS+ this monthğŸ‘ğŸ½ https://t.co/xJaHtuYBdE https://t.co/ipMy6Gw0zI,222,2020-12-22,20:01:38,,0,0,0
1341243238586470400,2020-12-22 04:44:41,"RT @CoriBush: I refuse to normalize an anti-democratic process where a few rich, predominantly white individuals negotiate behind closed doâ€¦",0,2020-12-22,04:44:41,,0,0,0
1341122053932527616,2020-12-21 20:43:09,RT @ZackSnyder: This movement is so powerful. Thank you for all of your amazing fundraising efforts to support #afsp https://t.co/G0RW6kE87B,0,2020-12-21,20:43:09,#afsp,0,0,0
1340666615101308929,2020-12-20 14:33:24,"Tune in today!ğŸ¤—

#BORGLIFE https://t.co/SSLSTQj8jY",800,2020-12-20,14:33:24,#borglife,0,0,1
1340497671111491585,2020-12-20 03:22:04,"RT @BernieSanders: Maybe â€“ just maybe â€“ itâ€™s time Congress listened to the American people and sent $1,200 survival checks to working classâ€¦",0,2020-12-20,03:22:04,,0,0,0
1340456194188713987,2020-12-20 00:37:15,"RT @poindxterlounge: So close!!!  Call a friend. Lol. But seriously, being able to add that donate button for @afspnational during our @rayâ€¦",0,2020-12-20,00:37:15,,0,0,0
1340449211767279617,2020-12-20 00:09:31,https://t.co/X9Md4yAATw https://t.co/nLZ7WtcM7u,319,2020-12-20,00:09:31,,0,0,0
1340381170954022913,2020-12-19 19:39:08,"I â¤ï¸ OSF

@osfashland https://t.co/X2cDDPXxLE",442,2020-12-19,19:39:08,,0,0,0
1340351964836716552,2020-12-19 17:43:05,"Tomorrow is going to be an awesome day of livestreams! 

Join me on @poindxterlounge at 1pm EST and help us reach our $500,000 goal for The American Foundation for Suicide Prevention. 

Weâ€™re only 17k away, yaâ€™ll! You can donate during any of the streams or at the link in my bio! https://t.co/QLebPDvCp9",1121,2020-12-19,17:43:05,,0,0,0
1339980262055227393,2020-12-18 17:06:04,RT @ReverendWarnock: Affordable health care is not radical.,0,2020-12-18,17:06:04,,0,0,0
1339719476422582272,2020-12-17 23:49:48,"And Iâ€™m thankful for you @_LeonardRobertsğŸ™ğŸ½

I read your essay last night. Itâ€™s been on my mind nonstop. Thank you for giving voice and validation to the experiences of so many. https://t.co/P3rOlRGQmV",809,2020-12-17,23:49:48,,0,0,0
1339658806612127745,2020-12-17 19:48:43,"â€œYou reach a point in life where you simply must take a stand.â€

                        -Mamie Till-Mobley

I am beyond honored and excited to lend my voice to Women of the Movement. We need these stories now more than ever!

https://t.co/wiVESMpX6I",2249,2020-12-17,19:48:43,,0,0,0
1339607571892727808,2020-12-17 16:25:08,https://t.co/JprdS4yL4q https://t.co/vOnXRNMmlL,1676,2020-12-17,16:25:08,,0,0,0
1339203431173599232,2020-12-16 13:39:13,"RT @ReverendWarnock: Early voting is going strong, but we only have 20 days left until Election Day.

Hey @ossoff â€” should we do somethingâ€¦",0,2020-12-16,13:39:13,,0,0,0
1339009734414905345,2020-12-16 00:49:32,Yes! Yes! Yes! Yes! Yes! https://t.co/oGckfR33Af,260,2020-12-16,00:49:32,,0,0,0
1338964486850564103,2020-12-15 21:49:45,"My friend @SanfordMinusSon wrote something nice about me.

Heâ€™s obviously biased, but it really warmed my heart to read. 

And heâ€™s not lying...my turns in boardgames can become inordinately long. You gotta wear down the competitionğŸ¤£ğŸ¤”ğŸ˜‚

#BORGLIFE https://t.co/N0x1orUBUY",315,2020-12-15,21:49:45,#borglife,0,0,1
1338656173512421377,2020-12-15 01:24:37,ğŸ¤¬ğŸ˜‰ https://t.co/SxWPQQf34d,4150,2020-12-15,01:24:37,,0,0,0
1338635203586232320,2020-12-15 00:01:17,"You may not have someone elseâ€™s idea of power, but you can still change things.

A&gt;E",2283,2020-12-15,00:01:17,,0,0,0
1338584482165764097,2020-12-14 20:39:44,"Tell your friends! Letâ€™s do it, GeorgiağŸ’ªğŸ½ https://t.co/fqRRGqYerJ",312,2020-12-14,20:39:44,,0,0,0
1337883886995578881,2020-12-12 22:15:49,"Over 80 people were interviewed for @WarnerMediaâ€™s Justice League investigation.

A fair, thorough, and protected process for witnesses was the first (and most important) step.

Ensuring that action is taken is the next.

Thank you to all who lent their voice!ğŸ™ğŸ½

A&gt;E",5099,2020-12-12,22:15:49,,0,0,0
1337569673030864897,2020-12-12 01:27:15,"There are still conversations that need to be had and resolutions that need to be found. 

Thank you all for your support and encouragement on this journey.

We are on our way.

More soon.

A&gt;E

3/3",3648,2020-12-12,01:27:15,,0,0,0
1337569672154275842,2020-12-12 01:27:15,"- And this statement (which truly belongs to ALL who participated in the investigation): 

â€œWarnerMedia appreciates you having the courage to come forward and assist the company with creating an inclusive and equitable work environment for itâ€™s employees and partners.â€

2/3",3032,2020-12-12,01:27:15,,0,0,0
1337569670963015680,2020-12-12 01:27:15,"The following was relayed to me on behalf of @WarnerMedia at 5pm EST today:

- The investigation of Justice League is now complete.

- It has lead to remedial action. 
(Some weâ€™ve seen, and some that is still to come.)

1/3",4762,2020-12-12,01:27:15,,0,0,0
1337210315403124739,2020-12-11 01:39:18,RT @jayoliva1: Just dropped the latest animated series my studio Lex and Otis produced with Wildcard! The voice cast is insane! Iâ€™m co-showâ€¦,0,2020-12-11,01:39:18,,0,0,0
1337205931394949120,2020-12-11 01:21:52,ğŸŠğŸ™ŒğŸ½ @NiaDaCosta ğŸ™ŒğŸ½ğŸŠ https://t.co/K3TNKnBOjP,659,2020-12-11,01:21:52,,0,0,0
1337184389327970312,2020-12-10 23:56:16,RT @BernieSanders: Endless money for wars? No problem. Endless money for tax breaks for the rich? No problem. Endless money for corporate wâ€¦,0,2020-12-10,23:56:16,,0,0,0
1337069031422119938,2020-12-10 16:17:53,https://t.co/tH1w1gSSM2 https://t.co/W9lwas0Ika,144,2020-12-10,16:17:53,,0,0,0
1337039885925027840,2020-12-10 14:22:04,RT @kendrick38: Hey Fam! Weâ€™ve been trying to #BlockGarcetti from obtaining an appointment to Joe Bidenâ€™s cabinet. Mayor Garcettiâ€™s policieâ€¦,0,2020-12-10,14:22:04,#blockgarcetti,0,0,0
1337038564056571910,2020-12-10 14:16:49,"RT @Kaepernick7: Iâ€™ve teamed up with @BenAndJerrys to serve up joy on the journey to justice!  

Today, we're excited to introduce Change tâ€¦",0,2020-12-10,14:16:49,,0,0,0
1336777762032521218,2020-12-09 21:00:29,"â€œBecause if we in America have reached that point in our desperate culture when we must murder children, no matter for what reason or what color, we donâ€™t deserve to survive, and probably wonâ€™t.â€

                   -William Faulkner, 1956",453,2020-12-09,21:00:29,,0,0,0
1336685513353342978,2020-12-09 14:53:55,RT @BernieSanders: The choice is clear for Georgia voters.,0,2020-12-09,14:53:55,,0,0,0
1336685475822772225,2020-12-09 14:53:46,RT @ossoff: DIRECT STIMULUS CHECKS NOW,0,2020-12-09,14:53:46,,0,0,0
1336362578730229762,2020-12-08 17:30:41,ğŸŠğŸ‘€ğŸ™ŒğŸ½ @dicek2g ğŸ™ŒğŸ½ğŸ‘€ğŸŠ https://t.co/5jbMI0IP8f,289,2020-12-08,17:30:41,,0,0,0
1336322239487221760,2020-12-08 14:50:24,https://t.co/P7Dy3C2D8l https://t.co/7W3iBs3Nic,128,2020-12-08,14:50:24,,0,0,0
1336110013769768962,2020-12-08 00:47:05,RT @marwilliamson: Imagine what America would be like now if every adult knew theyâ€™d be getting $2k/mo (retroactively to when the pandemicâ€¦,0,2020-12-08,00:47:05,,0,0,0
1336074797915254789,2020-12-07 22:27:09,"RT @ReverendWarnock: .@KLoeffler knows we can win this. That's why her husband is spending over $10 million to save her campaign. 

I'm notâ€¦",0,2020-12-07,22:27:09,,0,0,0
1335977740705685508,2020-12-07 16:01:29,"ğŸŠHappy Birthday @ninaturnerğŸŠ

You are inspiration incarnate.

#HelloSomebody https://t.co/bmqb8UCEeT",520,2020-12-07,16:01:29,#hellosomebody,0,0,0
1335779523024089089,2020-12-07 02:53:50,ğŸ’¯ğŸ’¯ğŸ’¯ https://t.co/ImUDgyjroN,171,2020-12-07,02:53:50,,0,0,0
1335774546801143810,2020-12-07 02:34:04,"RT @ReverendWarnock: Georgia, itâ€™s time for us to put our shoes on and get ready.

Everything is at stake in this election. And if you voteâ€¦",0,2020-12-07,02:34:04,,0,0,0
1335752939776962566,2020-12-07 01:08:12,"RT @ReverendWarnock: TOMORROW IS THE LAST DAY YOU CAN REGISTER TO VOTE GEORGIA!
https://t.co/nNbOv8iAKb",0,2020-12-07,01:08:12,,0,0,0
1335278887652237318,2020-12-05 17:44:29,"RT @GovMurphy: NEW JERSEY #COVID19 UPDATE:
â¡ï¸ 5,367 new positive cases
â¡ï¸ 361,986 cumulative total cases
â¡ï¸ 53 new confirmed deaths 
â¡ï¸ 15,â€¦",0,2020-12-05,17:44:29,#covid19,0,0,0
1335274669402955777,2020-12-05 17:27:44,Wear. A. Mask. https://t.co/Ni72ZhQ3TT,1307,2020-12-05,17:27:44,,0,0,0
1335046723719344129,2020-12-05 02:21:57,RT @ReverendWarnock: You have until MONDAY to register to vote in the runoff election! https://t.co/nNbOv8iAKb https://t.co/6tuUMbHc0F,0,2020-12-05,02:21:57,,0,0,0
1334987558040776706,2020-12-04 22:26:51,"The world is looking to you, Georgia. 

Please #vote for @ReverendWarnock and @ossoff on Jan. 5th https://t.co/wxeUeK1Uca",136,2020-12-04,22:26:51,#vote,0,0,0
1334982381183307784,2020-12-04 22:06:17,ğŸ™ŒğŸ½@DavidWalker1201 is the truth! Well deserved.ğŸ™ŒğŸ½ https://t.co/HAKin0IIcd,548,2020-12-04,22:06:17,,0,0,0
1334683442106294274,2020-12-04 02:18:24,RT @RashidaTlaib: I just want the suffering to stop.,0,2020-12-04,02:18:24,,0,0,0
1334533701028417543,2020-12-03 16:23:23,ğŸ¤— https://t.co/c8zgeTBm0d https://t.co/jOmyY49PS7,307,2020-12-03,16:23:23,,0,0,0
1334281945593880583,2020-12-02 23:43:00,"https://t.co/Y2XUu3rUQj
Weâ€™re LIVE. Time to finish #GhostofTsushima https://t.co/iZehkeUpbt https://t.co/7lZVdiAV6N",90,2020-12-02,23:43:00,#ghostoftsushima,0,0,0
1334163011871924224,2020-12-02 15:50:24,https://t.co/a4ioHIUGEC https://t.co/aRDeKGG2jo,143,2020-12-02,15:50:24,,0,0,0
1333910374123507714,2020-12-01 23:06:30,"https://t.co/Y2XUu3rUQj
Weâ€™re live! Tune in for the epic conclusion of #GhostofTsushima https://t.co/gAf3K9gMtu https://t.co/4T9tY4PMGW",122,2020-12-01,23:06:30,#ghostoftsushima,0,0,0
1333582033260523520,2020-12-01 01:21:48,"https://t.co/Y2XUu3rUQj
Going LIVE! #GhostofTsushima https://t.co/ilBK6DLNRR https://t.co/dENGABZM4X",165,2020-12-01,01:21:48,#ghostoftsushima,0,0,0
1333498082454097926,2020-11-30 19:48:12,https://t.co/Ks7hIeIcRJ https://t.co/XX017conPG,208,2020-11-30,19:48:12,,0,0,0
1331772638516142082,2020-11-26 01:31:54,"I have no intention of allowing Joss Whedon to use the old Hollywood tactic of â€œexitingâ€, â€œstepping downâ€, or â€œwalking awayâ€ to cover for his terrible behavior.

WarnerMediaâ€™s JL investigation has been in full swing for over 3 weeks now.

This is undoubtedly a result of it.

A&gt;E https://t.co/DRj0MpDkfm",6156,2020-11-26,01:31:54,,0,0,0
1331276235708768261,2020-11-24 16:39:23,https://t.co/WA0Kuv57H6 https://t.co/Bi3wKru4Qa,188,2020-11-24,16:39:23,,0,0,0
1331253134564397056,2020-11-24 15:07:35,"Walked past an urgent care this morning. 

The line was wrapped around three-fourths of a city block.

Please continue to wear your mask and social distance.",1238,2020-11-24,15:07:35,,0,0,0
1330938845244792833,2020-11-23 18:18:43,https://t.co/du536l0XwZ https://t.co/iZG7X5h9kD,350,2020-11-23,18:18:43,,0,0,0
1330563877264912390,2020-11-22 17:28:43,RT @AyannaPressley: What would student debt cancellation mean for you?,0,2020-11-22,17:28:43,,0,0,0
1330172422901948424,2020-11-21 15:33:13,"Now just imagine the things those people are willing to say when theyâ€™re actually behind closed doors...

This REALLY resonates with me @lukasgage 

You handled it like a champ, but you shouldnâ€™t have had to handle it at all.

Thank you for sharing this with the worldğŸ™ğŸ½

A&gt;E https://t.co/YXbfNi7oxu",2125,2020-11-21,15:33:13,,0,0,0
1329585903245922305,2020-11-20 00:42:36,RT @thenation: Bernie expressed interest in the job just now at the #NationFestival! â¦@NicholsUprisingâ© explains what a â¦@BernieSandersâ© DOâ€¦,0,2020-11-20,00:42:36,#nationfestival,0,0,0
1329443736389083140,2020-11-19 15:17:41,RT @BernieSanders: Taxpayers are subsidizing some of the wealthiest families and most profitable corporations in America. That is morally oâ€¦,0,2020-11-19,15:17:41,,0,0,0
1328751620788793345,2020-11-17 17:27:28,RT @ZackSnyder: #UsUnited https://t.co/NiHatOzxJn,0,2020-11-17,17:27:28,#usunited,0,0,0
1328751091601829890,2020-11-17 17:25:21,RT @ZackSnyder: https://t.co/rYzPcNUCin #UsUnited https://t.co/GaaAXir1dI,0,2020-11-17,17:25:21,#usunited,0,0,0
1328722971905716225,2020-11-17 15:33:37,"You canâ€™t save the world aloneâ€”but we can save each other together. 

Click link below to donate to the American Foundation for Suicide Preventionâ€™s tribute fund for Autumn Snyder.

And please spread the wordğŸ™ğŸ½

https://t.co/Ml2vNS27fZ

#UsUnited #AFSP https://t.co/lVlXHJZ9qi",5269,2020-11-17,15:33:37,#usunited #afsp,0,0,0
1327680226042712069,2020-11-14 18:30:07,"Letâ€™s go liveğŸ˜ 

#BlackOpsColdWar 

https://t.co/2GUS4wFoEg",391,2020-11-14,18:30:07,#blackopscoldwar,0,0,0
1327425494955020289,2020-11-14 01:37:55,Remember. #UsUnited https://t.co/KqYpkw0wsf,12944,2020-11-14,01:37:55,#usunited,0,0,0
1327366890914787332,2020-11-13 21:45:02,Done. ğŸ”ª https://t.co/HTJVmS74R2,1344,2020-11-13,21:45:02,,0,0,0
1327290512081096706,2020-11-13 16:41:32,"Who wants to let me borrow their PS5 real quick? Iâ€™ll have it back to you in like 3 to 4 years.

...it was worth a shotğŸ¤·ğŸ½â€â™‚ï¸ğŸ¤£

@PlayStation",1886,2020-11-13,16:41:32,,0,0,0
1327062795733577728,2020-11-13 01:36:40,"Come hang with @Ray__Porter and myself tomorrow! Check the link below for detailsğŸ¦¾ğŸ˜

@speedycomicsme 

https://t.co/1lKWFuu8e7 https://t.co/ithPk5Esxv",808,2020-11-13,01:36:40,,0,0,0
1326964488843747333,2020-11-12 19:06:02,"I feel you, @BarackObama.

https://t.co/XRao0kqrAd https://t.co/PxA6Uv1hWV",550,2020-11-12,19:06:02,,0,0,0
1326300272671535107,2020-11-10 23:06:41,RT @NJGov: #1 most hated,0,2020-11-10,23:06:41,#1,0,0,0
1326223333394948096,2020-11-10 18:00:57,Agreed. https://t.co/LOF87JUTPZ,3599,2020-11-10,18:00:57,,0,0,0
1325816970353270791,2020-11-09 15:06:12,RT @NJGov: you good,0,2020-11-09,15:06:12,,0,0,0
1325622691693473792,2020-11-09 02:14:13,RT @OriginalRamiz: I promise I am in this movie and I promise itâ€™s dope!!!  SYNCHRONIC now playing in theatres and Drive-Ins (Go to a Driveâ€¦,0,2020-11-09,02:14:13,,0,0,0
1325549573671096320,2020-11-08 21:23:40,@msjackiekatzman I only wouldâ€™ve gotten one rightğŸ˜‚ğŸ¤£ğŸ˜‚,29,2020-11-08,21:23:40,,0,0,0
1325453487405199360,2020-11-08 15:01:51,Iâ€™d very much like to speak with you @NadriaTucker https://t.co/QjGpHjNZPP,2341,2020-11-08,15:01:51,,0,0,0
1325178048480763905,2020-11-07 20:47:22,"Is it too soon to request a new national anthem?

https://t.co/drZH934tsI",393,2020-11-07,20:47:22,,0,0,0
1325145924419506179,2020-11-07 18:39:43,"Some voted for Biden

Some voted against Trump

Whatever your reason: Thank You",2375,2020-11-07,18:39:43,,0,0,0
1325145212318932993,2020-11-07 18:36:53,"RT @osfashland: ""...Itâ€™s time to put the anger and the harsh rhetoric behind us and come together as a nation.

Itâ€™s time for America to unâ€¦",0,2020-11-07,18:36:53,,0,0,0
1325143874176741377,2020-11-07 18:31:34,"RT @BernieSanders: I want to congratulate all those who worked so hard to make this historic day possible. Now, through our continued grassâ€¦",0,2020-11-07,18:31:34,,0,0,0
1325061564395872256,2020-11-07 13:04:30,"The work does not stop. 

Neither will we. https://t.co/gsWnjQQAie",705,2020-11-07,13:04:30,,0,0,0
1324783805601849344,2020-11-06 18:40:47,"RT @marceelias: ğŸš¨ATTENTION! If you voted absentee check the status of your ballot NOW! If it was REJECTED...

â¡ï¸GEORGIA: fix until TODAY
ğŸ”œNâ€¦",0,2020-11-06,18:40:47,,0,0,0
1324346004800524295,2020-11-05 13:41:07,"Every poll worker and ballot counter deserves a Medal of Freedom this year...seriously.

#CountEveryVote",1105,2020-11-05,13:41:07,#counteveryvote,0,0,0
1324011900825407494,2020-11-04 15:33:30,"RT @TheDailyShow: Last night the sky was dark. Then, from East to West, those cities magically became light again. VERY STRANGE.",0,2020-11-04,15:33:30,,0,0,0
1324001160508985350,2020-11-04 14:50:50,"We did the work.

We did it well.

All that remains is our ensuring that every vote be counted.

#CountEveryVote",1040,2020-11-04,14:50:50,#counteveryvote,0,0,0
1323976441151803392,2020-11-04 13:12:36,"Accidentally fell asleep watching the election last night.

Woke up this morning and weâ€™re still in the race!

I have faith.

Lots of it!

#CountEveryVote",1489,2020-11-04,13:12:36,#counteveryvote,0,0,0
1323835428923936769,2020-11-04 03:52:16,RT @NJGov: JERZ,0,2020-11-04,03:52:16,,0,0,0
1323816762199199744,2020-11-04 02:38:06,RT @talaashe: Ohio. Come through home state.,0,2020-11-04,02:38:06,,0,0,0
1323809187600760832,2020-11-04 02:08:00,"STAY IN LINE!!!ğŸ™ğŸ½

#Vote",1074,2020-11-04,02:08:00,#vote,0,0,0
1323799065549819904,2020-11-04 01:27:46,Whoever is in charge of advertising @calm deserves a promotion. https://t.co/LDdbYCp7Gs,926,2020-11-04,01:27:46,,0,0,0
1323693242588798977,2020-11-03 18:27:16,"I Voted Today.

You Should Too.

@JoeBiden https://t.co/YzosuwYrDz",2483,2020-11-03,18:27:16,,0,0,0
1323666529234362370,2020-11-03 16:41:07,#Unite @JoeBiden https://t.co/J1vhJNW0hu,415,2020-11-03,16:41:07,#unite,0,0,0
1323666173473542149,2020-11-03 16:39:42,"RT @AllCharisma: Voter intimidation HOTLINE: 
1(866) 687-8683 
I called, it works. 
People are standing by with legal advise! 
Do not let pâ€¦",0,2020-11-03,16:39:42,,0,0,0
1323663011870134273,2020-11-03 16:27:09,RT @NJGov: VOTE,0,2020-11-03,16:27:09,,0,0,0
1323606922453524480,2020-11-03 12:44:16,"Itâ€™s Election Day.

We should do a group workout. 

Todayâ€™s exercise?

Our right to vote.

Letâ€™s go yaâ€™ll!!!

@JoeBiden",1171,2020-11-03,12:44:16,,0,0,0
1323414627078803456,2020-11-03 00:00:09,"RT @JoeBiden: Donald Trump is the most corrupt president in modern history.

Donald Trump is the most racist president in modern history.â€¦",0,2020-11-03,00:00:09,,0,0,0
1323387476229107712,2020-11-02 22:12:16,"Any publication would be beyond lucky to have @SherazFarooqi_ on their staff.

When I start talking Justice League specifics, he will be the first (and probably ONLY) person I call.

One of these other trades better pick him up ASAP! Trust me...

A&gt;E https://t.co/KiVBS8SFdE",2394,2020-11-02,22:12:16,,0,0,0
1323282825613856770,2020-11-02 15:16:25,"My team and I have been in contact with @Forbes regarding the unorthodox changes that were made to their Oct 29th article written by Sheraz Farooqi.

Even more concerning is that Sheraz is now listed as a â€œformerâ€ contributor.

I will personally be getting to the bottom of this.",3314,2020-11-02,15:16:25,,0,0,0
1322979898122735628,2020-11-01 19:12:42,RT @BernieSanders: The polls look good.Â So what.Â That doesn't mean anything.Â This will be a very close race in state after state after statâ€¦,0,2020-11-01,19:12:42,,0,0,0
1322954743673741315,2020-11-01 17:32:44,ğŸ˜‚ğŸ¤£ğŸ˜‚ğŸ¤£ https://t.co/X1Fy8wAK5G,409,2020-11-01,17:32:44,,0,0,0
1322679895760261122,2020-10-31 23:20:36,"Unafraid. 

A&gt;E https://t.co/xkDW5JGrvc",3472,2020-10-31,23:20:36,,0,0,0
1322670166950481922,2020-10-31 22:41:56,ğŸ™ğŸ½ğŸ¤—ğŸ™ğŸ½ğŸ¤—ğŸ™ğŸ½ #BORGLIFE https://t.co/6TnNV5wax6,2601,2020-10-31,22:41:56,#borglife,0,0,1
1322665442360627200,2020-10-31 22:23:10,"3 days until the election.

Vote for @JoeBiden and @KamalaHarris 

#UNITE #UniteNov3 https://t.co/OUXFkf2GCs",232,2020-10-31,22:23:10,#unite #unitenov3,0,0,0
1322618978494255104,2020-10-31 19:18:32,Tell him I think he looks AWESOME!!! #BORGLIFE https://t.co/W33DokThhi,2837,2020-10-31,19:18:32,#borglife,0,0,1
1322589120473026560,2020-10-31 17:19:53,"A Bumblebee/Cyborg team-up.

Not trick-or-treating this year, but my nephew and I can still dress-up for groceries.

Happy Halloween! ğŸƒ 

Wear a mask...or two. https://t.co/6d5eBQDdHN",5995,2020-10-31,17:19:53,,0,0,0
1322515109625954305,2020-10-31 12:25:47,"RT @DavidAyerMovies: For sure that became a factor - but the reason was BVS got chewed up by the critics, and the success of Deadpool - theâ€¦",0,2020-10-31,12:25:47,,0,0,0
1322285501995507715,2020-10-30 21:13:25,"RT @BernieSanders: No, Mr. President. Wearing a mask is not ""politically correct."" We're not ""rounding the corner."" You haven't â€œended theâ€¦",0,2020-10-30,21:13:25,,0,0,0
1322253866323333123,2020-10-30 19:07:42,RT @JohnBoyega: Nigerian youths. We with you.,0,2020-10-30,19:07:42,,0,0,0
1322216725862060034,2020-10-30 16:40:07,"Guess who gets to vote while waiting at the DMV...ğŸ˜

4 days until the election.

Vote for @JoeBiden on Nov. 3rd

AND DROP YOUR BALLOT OFF

PS-Showing your marked ballot to another voter is ILLEGAL in New Jersey and some other states. Protect yourself and your voteğŸ’ªğŸ½ https://t.co/uNxfeSR3eT",740,2020-10-30,16:40:07,,0,0,0
1322010093307744256,2020-10-30 02:59:02,"5 days until the election. 

Vote for @JoeBiden on Nov. 3rd

#UNITE https://t.co/rvFPcsk6Yi",681,2020-10-30,02:59:02,#unite,0,0,0
1321945454435880962,2020-10-29 22:42:11,"@PeterShinkoda Thank you, sir. I definitely feel youğŸ™ğŸ½",551,2020-10-29,22:42:11,,0,0,0
1321872746616410112,2020-10-29 17:53:16,"RT @SherazFarooqi_: Interview: Ray Fisher Talks Toxic Justice League Set, WarnerMedia Investigation, And Erasing Characters Of Color

Ray Fâ€¦",0,2020-10-29,17:53:16,,0,0,0
1321870543130370048,2020-10-29 17:44:31,https://t.co/Vvqmb9q7qs,6379,2020-10-29,17:44:31,,0,0,0
1321543717048799234,2020-10-28 20:05:49,RT @RashidaTlaib: Drop off your ballot if you haven't mailed it yet.,0,2020-10-28,20:05:49,,0,0,0
1321277132316811265,2020-10-28 02:26:31,RT @talaashe: this!,0,2020-10-28,02:26:31,,0,0,0
1321114332651048962,2020-10-27 15:39:36,...shall make you free. https://t.co/LSoqmjVzor,1307,2020-10-27,15:39:36,,0,0,0
1321114061707317249,2020-10-27 15:38:32,RT @ZackSnyder: https://t.co/DkTULzmp21,0,2020-10-27,15:38:32,,0,0,0
1321076678379081730,2020-10-27 13:09:59,#JusticeForWalter https://t.co/YaMlMy55zQ,1304,2020-10-27,13:09:59,#justiceforwalter,0,0,0
1320795995035344903,2020-10-26 18:34:39,"RT @CoriBush: In 8 days, we're going to win the White House and flip the Senate.",0,2020-10-26,18:34:39,,0,0,0
1320759515088904192,2020-10-26 16:09:41,"RT @TheDailyShow: That's right, Black people. You have to WANT to be born the son of a multimillionaire real estate tycoon",0,2020-10-26,16:09:41,,0,0,0
1320710672011984896,2020-10-26 12:55:36,New Jersey is beautifulâ€”even with no makeup. #NJ https://t.co/3oGL6VewAL,1404,2020-10-26,12:55:36,#nj,0,0,0
1320517874969182209,2020-10-26 00:09:30,"RT @osfashland: Join Justice League film star &amp; OSF acting company alum Ray Fisher (@ray8fisher) in his support of OSF.

You can watch ourâ€¦",0,2020-10-26,00:09:30,,0,0,0
1320468181505482753,2020-10-25 20:52:02,ğŸ˜ https://t.co/iqhw4dcZAl,200,2020-10-25,20:52:02,,0,0,0
1320362013030305793,2020-10-25 13:50:09,Hard to maintainâ€”but worth the effort. https://t.co/xuY1YVOqvY,1172,2020-10-25,13:50:09,,0,0,0
1320189653388042240,2020-10-25 02:25:15,Iâ€™m watching tomorrow! You should too:) ğŸ¶ https://t.co/RLVduzu4z7,144,2020-10-25,02:25:15,,0,0,0
1320180898659262464,2020-10-25 01:50:28,"I am by no means rich.

Iâ€™m fortunate enough to be able to feed myself and to help my family incase of an emergency.

Most Americans are not. 

People need relief.

@JoeBiden will bring us one step closer to that.

10 days, yaâ€™ll!

#Vote",1609,2020-10-25,01:50:28,#vote,0,0,0
1320043046537289729,2020-10-24 16:42:42,"RT @BernieSanders: It can be a bit uncomfortable to tell your friends and neighbors they've got to vote.

But it'll be a hell of a lot moreâ€¦",0,2020-10-24,16:42:42,,0,0,0
1319863521996394497,2020-10-24 04:49:20,"I KNEW ITâ€”even with the mask on!!!ğŸ¤£

You just won me $10.00ğŸ™ğŸ½

Iâ€™ll be donating it @joebidenâ€™s campaign

PS-I appreciate your work! https://t.co/ElmXsQmwgf",1196,2020-10-24,04:49:20,,0,0,0
1319817093232164864,2020-10-24 01:44:50,"Did I just walk past you on 11th Ave @Chris_Meloni? 

Got a bet going with a friend on whether or not it was you...ğŸ¤”",1022,2020-10-24,01:44:50,,0,0,0
1319738664633704451,2020-10-23 20:33:11,RT @JamaalBowmanNY: We have a lot of work to do. https://t.co/5Lh97AM1dC,0,2020-10-23,20:33:11,,0,0,0
1319637390273748992,2020-10-23 13:50:46,"https://t.co/oRtm48bU2D
ğŸ¤¦ğŸ¾â€â™‚ï¸ https://t.co/WrKm9sUJ2v https://t.co/SNXLjML7bj",144,2020-10-23,13:50:46,,0,0,0
1319463905278763013,2020-10-23 02:21:24,"â€œIâ€™m the least racist person in this room.â€

                                      -A racist

#Debates2020",4156,2020-10-23,02:21:24,#debates2020,0,0,0
1319457962935681025,2020-10-23 01:57:47,"Did this man just say that Kamala Harris is MORE liberal than Bernie Sanders?!?!? 

Yikes...

#Debates2020",1017,2020-10-23,01:57:47,#debates2020,0,0,0
1319282206355853313,2020-10-22 14:19:23,"RT @OsopePatrisse: #DefundThePolice in Nigeria.
#DefundThePolice in the US.
#DefundThePolice in Canada.
#DefundThePolice in the UK. 

#EndSâ€¦",0,2020-10-22,14:19:23,#defundthepolice #defundthepolice #defundthepolice #defundthepolice #ends,0,0,0
1319049061777862657,2020-10-21 22:52:57,RT @JonitaLDavis: The misinformation here. The writer discusses the situation like @ray8fisher is a lone disgruntled employee. How are theyâ€¦,0,2020-10-21,22:52:57,,0,0,0
1319048806562844672,2020-10-21 22:51:56,"RT @TheNerdQueens: While todayâ€™s THR article brought great news, we shouldnâ€™t overlook a few important clues in regards to @ray8fisher andâ€¦",0,2020-10-21,22:51:56,,0,0,0
1319036809838354432,2020-10-21 22:04:16,"13 days until the election.

Vote for @JoeBiden on Nov. 3rd.

#VoteUnited #UNITE

@UniteNov3 https://t.co/0iVUz0nE93",398,2020-10-21,22:04:16,#voteunited #unite,0,0,0
1319029199366094848,2020-10-21 21:34:02,"Youâ€™re my hero, @julie_whiteley_ ğŸ‘ŠğŸ½

#BORGLIFE https://t.co/APdLyDNGmb",1363,2020-10-21,21:34:02,#borglife,0,0,1
1318785377549742080,2020-10-21 05:25:10,"You are of greater importance than you know.

Thank you for walking with me.

A&gt;E https://t.co/pE7EDdrfh3",2291,2020-10-21,05:25:10,,0,0,0
1318403940606595073,2020-10-20 04:09:28,RT @JoeBiden: I will be a president who pushes towards the future. Not one who clings to the past.,0,2020-10-20,04:09:28,,0,0,0
1318351168536391680,2020-10-20 00:39:47,"Video games AND democracy? Just say when @AOC ğŸ˜

Not me. Us...and Among Us

#Vote https://t.co/h3goMjaIfk",861,2020-10-20,00:39:47,#vote,0,0,0
1318304200149803008,2020-10-19 21:33:08,"15 days until the election.

Vote for @JoeBiden on Nov. 3rd.

#VoteUnited #UNITE

@UniteNov3 https://t.co/8qGdysy5QO",443,2020-10-19,21:33:08,#voteunited #unite,0,0,0
1317994245643333634,2020-10-19 01:01:29,RT @JoeBiden: Wear a mask. Wash your hands. Vote out Donald Trump.,0,2020-10-19,01:01:29,,0,0,0
1317923875154358272,2020-10-18 20:21:52,I believe it. #ReleaseTheAyerCut https://t.co/LDYjxlASaG,5922,2020-10-18,20:21:52,#releasetheayercut,0,0,0
1317646683975503872,2020-10-18 02:00:24,"My grandmother was Albert Einsteinâ€™s personal clerk typist at his home in Philadelphia. 

She went on to become a contract analyst for the Department of Defense.

She later sued the United States of America while acting as her own legal counsel.

I get my fight from her.

A&gt;E https://t.co/dnOjh0wFxI",3826,2020-10-18,02:00:24,,0,0,0
1317155076025294848,2020-10-16 17:26:56,"RT @BernieSanders: You know how you can tell that your vote is important and will matter in this election?

Because Trump and the Republicaâ€¦",0,2020-10-16,17:26:56,,0,0,0
1316951860721389569,2020-10-16 03:59:26,Definitely gonna see about renting an IMAX for my crew when the  Snydercut drops...ğŸ¤” https://t.co/Li2fflXJHz,4786,2020-10-16,03:59:26,,0,0,0
1316736944512983041,2020-10-15 13:45:26,"RT @NAACP: #BREAKINGNEWS: Today is your LAST day to #BeCounted in the #2020Census. 

https://t.co/6h0mUQoHe9",0,2020-10-15,13:45:26,#breakingnews #becounted #2020census,0,0,0
1316483683742703616,2020-10-14 20:59:03,"Same.

A&gt;E https://t.co/kieaRZ6cmc",1485,2020-10-14,20:59:03,,0,0,0
1316472555608236032,2020-10-14 20:14:50,ğŸ™ŒğŸ½You already know!!! Congrats @MatthewACherry ğŸ™ŒğŸ½ https://t.co/pyob5nJ9ea,901,2020-10-14,20:14:50,,0,0,0
1316348617351888896,2020-10-14 12:02:21,"RT @NicholsUprising: Is term limiting the Supreme Court a radical idea?

Hereâ€™s what Chief Justice John Roberts wrote in 1983: â€œSetting a tâ€¦",0,2020-10-14,12:02:21,,0,0,0
1316133735213998080,2020-10-13 21:48:29,RT @JCrossover: Unreal...,0,2020-10-13,21:48:29,,0,0,0
1316123011741876225,2020-10-13 21:05:53,"What complicates the situation with Joss Whedon and Geoff Johns is that appropriate action wasnâ€™t taken with them in real time.

As a result, they were allowed to spread to @wbpicturesâ€™ sister companies.

Itâ€™s a tricky knot, but we will to untie it.

Accountability&gt;Entertainment",3881,2020-10-13,21:05:53,,0,0,0
1315779667295694848,2020-10-12 22:21:33,"https://t.co/KlRGMEMu3a
More spooky times! GOING LIVE NOW:) #deadbydaylight https://t.co/oJ2VPrIwb8 https://t.co/3BKU9LDy3Q",106,2020-10-12,22:21:33,#deadbydaylight,0,0,0
1315415686718648322,2020-10-11 22:15:13,"https://t.co/KlRGMEMu3a
Weâ€™re LIVE!!! #DEADBYDAYLIGHT https://t.co/vTXS7O9zsZ https://t.co/QCW1UolkUi",168,2020-10-11,22:15:13,#deadbydaylight,0,0,0
1315083817598713856,2020-10-11 00:16:29,"RT @NAACP: #Breaking: NAACP wins big victory against the Trump administrationâ€™s attempt to suppress the vote! 

https://t.co/0yWLSCX2iA",0,2020-10-11,00:16:29,#breaking,0,0,0
1315081199291949058,2020-10-11 00:06:05,RT @talaashe: Theater needs a bailout. The arts and art workers are not expendable. We need to pass the #DawnAct and #extendFPUC NOW. #BeAnâ€¦,0,2020-10-11,00:06:05,#dawnact #extendfpuc #bean,0,0,0
1315030160601763848,2020-10-10 20:43:17,"RT @6abc: Bea Lumpkin is 102-years-old, and this week she showed that age and the pandemic are not a barrier to voting. https://t.co/vJ9ODYâ€¦",0,2020-10-10,20:43:17,,0,0,0
1315012812939370496,2020-10-10 19:34:21,https://t.co/XzqBS1GXHL,279,2020-10-10,19:34:21,,0,0,0
1314758688754798592,2020-10-10 02:44:33,RT @NAACP: NEW: Reasons we oppose Amy Coney Barrettâ€™s illegitimate nomination to #SCOTUS: Her radical views to question all precedents threâ€¦,0,2020-10-10,02:44:33,#scotus,0,0,0
1314737845001744385,2020-10-10 01:21:43,"RT @rbarsou: Thank God. I pray it lasts. 

Armenia, Azerbaijan agree on cease-fire in Nagorno-Karabakh https://t.co/uSre6TJJSy",0,2020-10-10,01:21:43,,0,0,0
1314691755049185283,2020-10-09 22:18:34,"https://t.co/KlRGMEMu3a
Letâ€™s Go LIVE! #ghostoftsushima https://t.co/JykPDY90ti https://t.co/eboShs8JUL",131,2020-10-09,22:18:34,#ghostoftsushima,0,0,0
1314638593864982528,2020-10-09 18:47:20,"Seth Grahame-Smith is an awesome dude through and through!

We connected in a big way during his time on the Flash film. Heâ€™s got a big heart and I know heâ€™s gonna slay GLğŸ¤—

There is no better commander for the core!

ğŸ™ŒğŸ½Well deserved @sethgsğŸ™ŒğŸ½ https://t.co/73swznWbqS",3829,2020-10-09,18:47:20,,0,0,0
1314603122933796866,2020-10-09 16:26:23,RT @rbarsou: Thank you @michaelb4jordan ğŸ™ğŸ½ğŸ™ğŸ½,0,2020-10-09,16:26:23,,0,0,0
1313964478074105869,2020-10-07 22:08:38,"https://t.co/KlRGMEMu3a
Letâ€™s Put In Some Work! Going LIVE:) #ghostoftsushima https://t.co/z1OBpFCnV8 https://t.co/bzeOjt0TYa",150,2020-10-07,22:08:38,#ghostoftsushima,0,0,0
1313677235090579456,2020-10-07 03:07:14,RT @JackieFielder_: I am proud to be an open democratic socialist,0,2020-10-07,03:07:14,,0,0,0
1313644373800816640,2020-10-07 00:56:39,RT @leepers500: If anyone bars your access or attempts to interfere with your right to vote. https://t.co/nhDibuzHdN,0,2020-10-07,00:56:39,,0,0,0
1313570545011691521,2020-10-06 20:03:17,"When this campaign started you had a month...â€now itâ€™s lessâ€â° #BvS

Only two days left for us to hit our goal of $500.00. 

Funds raised will go toward supporting the continued fight for justice in the arts!ğŸ¦¾

#BORGLIFE

A&gt;E

https://t.co/X2J7JDopt5",1115,2020-10-06,20:03:17,#bvs #borglife,0,0,1
1313568149154009089,2020-10-06 19:53:46,"RT @TheNerdQueens: Only 4 days left to get a Iâ¤ï¸RF shirt, proceeds go to Volunteer Lawyers for The Arts. 

https://t.co/DWJ4qilL7o

#Releasâ€¦",0,2020-10-06,19:53:46,#releas,0,0,0
1313523170675228675,2020-10-06 16:55:02,A&gt;E https://t.co/75Wt7jXV5k,968,2020-10-06,16:55:02,,0,0,0
1313478744716214273,2020-10-06 13:58:30,"RT @NAACP: #Ohio: Let #earlyvoting BEGIN!. 

#VoteOurLivesDependOnIt #CountdowntoEDay https://t.co/0RibdHW8XL",0,2020-10-06,13:58:30,#ohio #earlyvoting #voteourlivesdependonit #countdowntoeday,0,0,0
1313288676135190529,2020-10-06 01:23:14,"We need a president that will take Covid-19 seriously.

29 days until the election. 

#VoteÂ for @JoeBiden on Nov. 3rd",1138,2020-10-06,01:23:14,#vote,0,0,0
1313258691089575940,2020-10-05 23:24:05,"https://t.co/KlRGMEMu3a
Going LIVE! #ghostoftsushima https://t.co/rU4kDr0xH7 https://t.co/haMjCj6OJF",129,2020-10-05,23:24:05,#ghostoftsushima,0,0,0
1312942303821074433,2020-10-05 02:26:53,"RT @philiplord: Fellow Floridians, Latinxs, Cubans, Miamians, Americans -- if you register to vote RIGHT NOW before the deadline I will posâ€¦",0,2020-10-05,02:26:53,,0,0,0
1312861758978220032,2020-10-04 21:06:49,"We need a president that will fight to increase minimum wage to $15 an hour.

30 days until the election. 

#VoteÂ for @JoeBiden on Nov. 3rd",1102,2020-10-04,21:06:49,#vote,0,0,0
1312763471872905219,2020-10-04 14:36:16,RT @KyleKulinski: This could be us but corporations and billionaires own the government.,0,2020-10-04,14:36:16,,0,0,0
1312568188866101249,2020-10-04 01:40:17,Accountability&gt;Entertainment https://t.co/TqMLdfGRGi,3692,2020-10-04,01:40:17,,0,0,0
1312493678703722496,2020-10-03 20:44:12,"We need a president that doesnâ€™t encourage voter suppression.   

31 days until the election. 

#VoteÂ for @JoeBiden on Nov. 3rd",910,2020-10-03,20:44:12,#vote,0,0,0
1312388710332329984,2020-10-03 13:47:06,ğŸ¦¾ğŸ”¥ğŸ¦¾ğŸ”¥ğŸ¦¾ https://t.co/MpkvTPBOcm,2133,2020-10-03,13:47:06,,0,0,0
1312387327680040962,2020-10-03 13:41:36,RT @AllCharisma: How many of you believe Trump really has the Virus versus itâ€™s a PR stunt to minimize the virus and further his agenda toâ€¦,0,2020-10-03,13:41:36,,0,0,0
1312207506676936704,2020-10-03 01:47:03,"RT @CoriBush: President Trump will not receive any medical bills for his COVID-19 treatment. 

Neither should any of us.",0,2020-10-03,01:47:03,,0,0,0
1312155206419849217,2020-10-02 22:19:14,"https://t.co/KlRGMEuSEA
WEâ€™RE LIVE FOR SPOOKYTIME! ğŸ’€ğŸ”ªğŸ‘»ğŸ¤ğŸ½#deadbydaylight https://t.co/9M1ylSTGq7 https://t.co/4buT6cEmTb",116,2020-10-02,22:19:14,#deadbydaylight,0,0,0
1312102785823825920,2020-10-02 18:50:56,"We need a president that wonâ€™t mock drug addiction.

32 days until the election. 

#VoteÂ for @JoeBiden on Nov. 3rd",1539,2020-10-02,18:50:56,#vote,0,0,0
1311883483606913026,2020-10-02 04:19:30,RT @OriginalRamiz: Fuck it.  He wasnâ€™t my first choice but ya know what?  I really like him.  Go get â€˜em Joe. #BidenHarris2020,0,2020-10-02,04:19:30,#bidenharris2020,0,0,0
1311833316090359809,2020-10-02 01:00:09,"RT @NAACP: This is another example of blatant #votersuppression! 

https://t.co/Ob3JD2UO0r",0,2020-10-02,01:00:09,#votersuppression,0,0,0
1311653798595751936,2020-10-01 13:06:49,"We need a president that will heed science.

33 days until the election. 

#VoteÂ for @JoeBiden on Nov. 3rd",1304,2020-10-01,13:06:49,#vote,0,0,0
1311430148051423232,2020-09-30 22:18:07,"https://t.co/KlRGMEMu3a
Letâ€™s go LIVE! Join me now:) #FallGuys https://t.co/x76ecOHbxU https://t.co/V8RySonQYr",144,2020-09-30,22:18:07,#fallguys,0,0,0
1311376980521242624,2020-09-30 18:46:51,"Letâ€™s Gooo!!!

@Karen_Bryson 

#BORGLIFE

Accountability&gt;Entertainment https://t.co/9ABrkXVMjM",2817,2020-09-30,18:46:51,#borglife,0,0,1
1311345582322200580,2020-09-30 16:42:05,RT @SheriffReese: In tonightâ€™s presidential debate the President said the â€œPortland Sheriffâ€ supports him.  As the Multnomah County Sheriffâ€¦,0,2020-09-30,16:42:05,,0,0,0
1311341686715559936,2020-09-30 16:26:36,"RT @voxdotcom: Joe Biden cited a horrific statistic to argue that President Trump has not been good for Black Americans: 1 in 1,000 Black Aâ€¦",0,2020-09-30,16:26:36,,0,0,0
1311308399401934856,2020-09-30 14:14:20,"We need a president that will condemn white supremacy.

34 days until the election. 

#Vote for @JoeBiden on Nov. 3rd",1954,2020-09-30,14:14:20,#vote,0,0,0
1311143686667984901,2020-09-30 03:19:49,"RT @AllCharisma: when Biden was speaking about his deceased son who served in Iraq &amp; won a bronze star Trump went so low, lacked such basicâ€¦",0,2020-09-30,03:19:49,,0,0,0
1311132570323746816,2020-09-30 02:35:39,"The MVP of tonightâ€™s debate was definitely Chris Wallace.

I hope the other moderators are ready.

#Debates2020",583,2020-09-30,02:35:39,#debates2020,0,0,0
1311130361464848384,2020-09-30 02:26:52,"RT @Phil_Lewis_: This may have been the wildest part of the debate, imo",0,2020-09-30,02:26:52,,0,0,0
1311129328638480384,2020-09-30 02:22:46,RT @chrislhayes: Telling Proud Boys to â€œstand byâ€ is telling them to...await further instruction.,0,2020-09-30,02:22:46,,0,0,0
1311129240604160002,2020-09-30 02:22:25,"RT @NazaninNour: â€œProud Boys, stand back and STAND BY.â€ -Tr*mp. Thatâ€™s not a condemnation, thatâ€™s a subliminal message. #Debates2020",0,2020-09-30,02:22:25,#debates2020,0,0,0
1311128652587950081,2020-09-30 02:20:05,"â€œPutinâ€™s Puppyâ€: The official mascot of #Debates2020 

Please Vote On Nov. 3rd!

@JoeBiden 
#JoeBiden",580,2020-09-30,02:20:05,#debates2020 #joebiden,0,0,0
1311117368257654784,2020-09-30 01:35:14,"Donâ€™t ever use the word smart with me?!?!?

Oh...we wonâ€™t. ğŸ¤£ğŸ˜‚ğŸ¤£

#2020debate",1443,2020-09-30,01:35:14,#2020debate,0,0,0
1311116356486672390,2020-09-30 01:31:13,"â€œWill you shut up, man...?â€

                        -Joe Biden",2850,2020-09-30,01:31:13,,0,0,0
1311100948295692289,2020-09-30 00:29:59,"First Game Of The 2020 Finals Is Tonight.

9pm EST/6pm PDT

https://t.co/HYYu8f8rEt",214,2020-09-30,00:29:59,,0,0,0
